category,sample,view,method,num_labels,PCK_005,PCK_010,OLR,LCD,avg_leader_length,overlap_pairs,occluded_points,intersections,quality_score
Chair,38635,main,manual,9,1.00000000,1.00000000,0.00000000,0.00000000,0.18061150,0.00000000,0.00000000,0.00000000,100.00000000
Chair,38635,main,hedgehog_1d,9,0.11111111,0.55555556,0.13083139,0.00000000,0.06657587,2.00000000,0.00000000,0.00000000,21.17365969
Chair,38635,main,hedgehog_3d,9,0.11111111,0.55555556,0.12421717,0.00000000,0.07211156,2.00000000,0.00000000,0.00000000,21.33901514
Chair,38635,main,plane,9,0.00000000,0.55555556,0.05366318,0.00000000,0.07832355,4.00000000,0.00000000,0.00000000,15.32508727
Chair,38635,up,manual,9,1.00000000,1.00000000,0.00000000,0.00000000,0.16038364,0.00000000,0.00000000,0.00000000,100.00000000
Chair,38635,up,hedgehog_1d,9,0.00000000,0.44444444,0.04358159,0.00000000,0.06471118,3.00000000,0.00000000,0.00000000,12.24379352
Chair,38635,up,hedgehog_3d,9,0.00000000,0.55555556,0.01712069,0.00000000,0.06706956,3.00000000,0.00000000,0.00000000,16.23864934
Chair,38635,up,plane,9,0.00000000,0.55555556,0.03997242,0.00000000,0.06722578,3.00000000,0.00000000,0.00000000,15.66735609
Chair,38635,down,manual,9,1.00000000,1.00000000,0.00000000,0.00848463,0.16702608,0.00000000,0.00000000,1.00000000,99.91515372
Chair,38635,down,hedgehog_1d,9,0.11111111,0.33333333,0.09956577,0.00000000,0.06278495,3.00000000,0.00000000,0.00000000,15.28863355
Chair,38635,down,hedgehog_3d,9,0.11111111,0.33333333,0.02111253,0.00000000,0.06656648,1.00000000,0.00000000,0.00000000,17.24996450
Chair,38635,down,plane,9,0.11111111,0.33333333,0.02651661,0.00000000,0.06629997,3.00000000,0.00000000,0.00000000,17.11486251
Chair,38635,left,manual,9,1.00000000,1.00000000,0.01713374,0.00919199,0.15037086,0.00000000,0.00000000,2.00000000,99.47973665
Chair,38635,left,hedgehog_1d,9,0.33333333,0.55555556,0.08714833,0.00000000,0.08371168,3.00000000,0.00000000,0.00000000,37.82129175
Chair,38635,left,hedgehog_3d,9,0.33333333,0.66666667,0.01631884,0.00000000,0.08333801,2.00000000,0.00000000,0.00000000,42.92536235
Chair,38635,left,plane,9,0.22222222,0.55555556,0.03047154,0.00000000,0.07979807,3.00000000,0.00000000,0.00000000,31.46043378
Chair,38635,right,manual,9,1.00000000,1.00000000,0.04702126,0.00622761,0.15124440,0.00000000,0.00000000,1.00000000,98.76219251
Chair,38635,right,hedgehog_1d,9,0.22222222,0.44444444,0.04913081,0.00000000,0.07136218,3.00000000,0.00000000,0.00000000,27.66061857
Chair,38635,right,hedgehog_3d,9,0.11111111,0.33333333,0.01021500,0.00000000,0.07219647,1.00000000,0.00000000,0.00000000,17.52240268
Chair,38635,right,plane,9,0.11111111,0.33333333,0.03769682,0.00000000,0.06934029,2.00000000,0.00000000,0.00000000,16.83535734
Chair,39299,main,manual,9,1.00000000,1.00000000,0.00000000,0.00000000,0.15663853,0.00000000,0.00000000,0.00000000,100.00000000
Chair,39299,main,hedgehog_1d,9,0.00000000,0.33333333,0.15994561,0.00000000,0.07543313,3.00000000,0.00000000,0.00000000,6.00135976
Chair,39299,main,hedgehog_3d,9,0.11111111,0.44444444,0.12585208,0.00000000,0.07540203,2.00000000,0.00000000,0.00000000,17.96480908
Chair,39299,main,plane,9,0.11111111,0.44444444,0.02412103,0.00000000,0.07384582,3.00000000,0.00000000,0.00000000,20.50808526
Chair,39299,up,manual,9,1.00000000,1.00000000,0.00000000,0.00000000,0.15100566,0.00000000,0.00000000,0.00000000,100.00000000
Chair,39299,up,hedgehog_1d,9,0.00000000,0.33333333,0.03861258,0.00000000,0.05993314,3.00000000,0.00000000,0.00000000,9.03468540
Chair,39299,up,hedgehog_3d,9,0.00000000,0.44444444,0.03322876,0.00000000,0.06072232,3.00000000,0.00000000,0.00000000,12.50261430
Chair,39299,up,plane,9,0.00000000,0.33333333,0.06608368,0.00000000,0.05776705,3.00000000,0.00000000,0.00000000,8.34790812
Chair,39299,down,manual,9,1.00000000,1.00000000,0.08436757,0.00010535,0.15695513,0.00000000,0.00000000,1.00000000,97.88975732
Chair,39299,down,hedgehog_1d,9,0.00000000,0.44444444,0.20081809,0.00000000,0.06792489,4.00000000,0.00000000,0.00000000,8.31288115
Chair,39299,down,hedgehog_3d,9,0.00000000,0.44444444,0.00990714,0.00000000,0.07399987,1.00000000,0.00000000,0.00000000,13.08565484
Chair,39299,down,plane,9,0.00000000,0.44444444,0.02394704,0.00000000,0.06702260,3.00000000,0.00000000,0.00000000,12.73465745
Chair,39299,left,manual,9,1.00000000,1.00000000,0.06999055,0.00000000,0.14932620,0.00000000,0.00000000,0.00000000,98.25023623
Chair,39299,left,hedgehog_1d,9,0.22222222,0.44444444,0.02738378,0.00000000,0.07958730,2.00000000,0.00000000,0.00000000,28.20429433
Chair,39299,left,hedgehog_3d,9,0.22222222,0.44444444,0.01098698,0.00000000,0.08364630,1.00000000,0.00000000,0.00000000,28.61421429
Chair,39299,left,plane,9,0.22222222,0.55555556,0.02210968,0.00000000,0.07904369,2.00000000,0.00000000,0.00000000,31.66948015
Chair,39299,right,manual,9,1.00000000,1.00000000,0.14950665,0.00000000,0.10619580,0.00000000,0.00000000,0.00000000,96.26233370
Chair,39299,right,hedgehog_1d,9,0.44444444,0.77777778,0.04710573,0.00000000,0.07446575,2.00000000,0.00000000,0.00000000,53.26680117
Chair,39299,right,hedgehog_3d,9,0.33333333,0.77777778,0.00763382,0.00000000,0.06601150,1.00000000,0.00000000,0.00000000,46.47582128
Chair,39299,right,plane,9,0.33333333,0.88888889,0.01998886,0.00000000,0.06632694,2.00000000,0.00000000,0.00000000,49.50027838
Chair,40801,main,manual,9,1.00000000,1.00000000,0.00000000,0.00000000,0.16417210,0.00000000,0.00000000,0.00000000,100.00000000
Chair,40801,main,hedgehog_1d,9,0.33333333,0.55555556,0.09392553,0.00000000,0.08109721,0.00000000,0.00000000,0.00000000,37.65186165
Chair,40801,main,hedgehog_3d,9,0.44444444,0.55555556,0.01076493,0.00000000,0.08231444,0.00000000,0.00000000,0.00000000,47.50865456
Chair,40801,main,plane,9,0.22222222,0.66666667,0.01898592,0.00000000,0.08353094,1.00000000,0.00000000,0.00000000,35.08090745
Chair,40801,up,manual,9,1.00000000,1.00000000,0.00000000,0.00000000,0.15045644,0.00000000,0.00000000,0.00000000,100.00000000
Chair,40801,up,hedgehog_1d,9,0.22222222,0.44444444,0.14295791,0.00000000,0.06828381,3.00000000,0.00000000,0.00000000,25.31494122
Chair,40801,up,hedgehog_3d,9,0.22222222,0.44444444,0.01825248,0.00000000,0.06532205,2.00000000,0.00000000,0.00000000,28.43257688
Chair,40801,up,plane,9,0.22222222,0.55555556,0.01812399,0.00000000,0.06362783,3.00000000,0.00000000,0.00000000,31.76912250
Chair,40801,down,manual,9,1.00000000,1.00000000,0.00000000,0.00019682,0.14926617,0.00000000,0.00000000,1.00000000,99.99803182
Chair,40801,down,hedgehog_1d,9,0.22222222,0.33333333,0.04440904,0.00000000,0.07615352,2.00000000,0.00000000,0.00000000,24.44532949
Chair,40801,down,hedgehog_3d,9,0.22222222,0.33333333,0.00755415,0.00000000,0.07189374,0.00000000,0.00000000,0.00000000,25.36670184
Chair,40801,down,plane,9,0.22222222,0.33333333,0.01601413,0.00000000,0.06967755,1.00000000,0.00000000,0.00000000,25.15520224
Chair,40801,left,manual,9,1.00000000,1.00000000,0.00000000,0.00000000,0.13547638,0.00000000,0.00000000,0.00000000,100.00000000
Chair,40801,left,hedgehog_1d,9,0.44444444,0.66666667,0.01731626,0.00000000,0.09449797,2.00000000,0.00000000,0.00000000,50.67820470
Chair,40801,left,hedgehog_3d,9,0.33333333,0.55555556,0.00725334,0.00000000,0.10053190,0.00000000,0.00000000,0.00000000,39.81866643
Chair,40801,left,plane,9,0.33333333,0.66666667,0.03243116,0.00000000,0.08332249,2.00000000,0.00000000,0.00000000,42.52255429
Chair,40801,right,manual,9,1.00000000,1.00000000,0.05665848,0.00831760,0.13595330,0.00000000,0.00000000,1.00000000,98.50036203
Chair,40801,right,hedgehog_1d,9,0.22222222,0.44444444,0.01715434,0.00000000,0.07279695,2.00000000,0.00000000,0.00000000,28.46003032
Chair,40801,right,hedgehog_3d,9,0.22222222,0.44444444,0.00949465,0.00000000,0.07568852,1.00000000,0.00000000,0.00000000,28.65152274
Chair,40801,right,plane,9,0.11111111,0.55555556,0.01960674,0.00000000,0.07145927,2.00000000,0.00000000,0.00000000,23.95427585
Chair,41193,main,manual,9,1.00000000,1.00000000,0.00000000,0.00000000,0.18546197,0.00000000,0.00000000,0.00000000,100.00000000
Chair,41193,main,hedgehog_1d,9,0.00000000,0.22222222,0.02849020,0.00000000,0.06200152,2.00000000,0.00000000,0.00000000,5.95441158
Chair,41193,main,hedgehog_3d,9,0.00000000,0.33333333,0.01296081,0.00000000,0.06645259,2.00000000,0.00000000,0.00000000,9.67597973
Chair,41193,main,plane,9,0.00000000,0.22222222,0.02530951,0.00000000,0.06558635,2.00000000,0.00000000,0.00000000,6.03392881
Chair,41193,up,manual,9,1.00000000,1.00000000,0.00000000,0.00006670,0.16992539,0.00000000,0.00000000,1.00000000,99.99933300
Chair,41193,up,hedgehog_1d,9,0.00000000,0.44444444,0.18639836,0.00000000,0.06736059,3.00000000,0.00000000,0.00000000,8.67337443
Chair,41193,up,hedgehog_3d,9,0.00000000,0.44444444,0.00727696,0.00000000,0.06582299,0.00000000,0.00000000,0.00000000,13.15140932
Chair,41193,up,plane,9,0.00000000,0.44444444,0.01300223,0.00000000,0.06536771,0.00000000,0.00000000,0.00000000,13.00827757
Chair,41193,down,manual,9,1.00000000,1.00000000,0.00000000,0.00000000,0.17052377,0.00000000,0.00000000,0.00000000,100.00000000
Chair,41193,down,hedgehog_1d,9,0.00000000,0.22222222,0.10955181,0.00000000,0.04939596,5.00000000,0.00000000,0.00000000,3.92787140
Chair,41193,down,hedgehog_3d,9,0.00000000,0.22222222,0.00963484,0.00000000,0.05293305,2.00000000,0.00000000,0.00000000,6.42579559
Chair,41193,down,plane,9,0.00000000,0.22222222,0.02111651,0.00000000,0.05514495,3.00000000,0.00000000,0.00000000,6.13875399
Chair,41193,left,manual,9,1.00000000,1.00000000,0.02968705,0.00000000,0.15436267,0.00000000,0.00000000,0.00000000,99.25782385
Chair,41193,left,hedgehog_1d,9,0.00000000,0.44444444,0.04267754,0.00000000,0.07319822,3.00000000,0.00000000,0.00000000,12.26639479
Chair,41193,left,hedgehog_3d,9,0.11111111,0.44444444,0.01750727,0.00000000,0.07570757,3.00000000,0.00000000,0.00000000,20.67342930
Chair,41193,left,plane,9,0.00000000,0.22222222,0.01463883,0.00000000,0.10423805,1.00000000,0.00000000,0.00000000,6.30069585
Chair,41193,right,manual,9,1.00000000,1.00000000,0.01820962,0.00000000,0.15805053,0.00000000,0.00000000,0.00000000,99.54475955
Chair,41193,right,hedgehog_1d,9,0.00000000,0.44444444,0.04010095,0.00000000,0.06830815,4.00000000,0.00000000,0.00000000,12.33080966
Chair,41193,right,hedgehog_3d,9,0.11111111,0.55555556,0.03482954,0.00000000,0.07185036,3.00000000,0.00000000,0.00000000,23.57370600
Chair,41193,right,plane,9,0.00000000,0.55555556,0.06295097,0.00000000,0.06657703,3.00000000,0.00000000,0.00000000,15.09289247
Chair,42397,main,manual,9,1.00000000,1.00000000,0.00000000,0.00000000,0.20377116,0.00000000,0.00000000,0.00000000,100.00000000
Chair,42397,main,hedgehog_1d,9,0.00000000,0.33333333,0.05045780,0.00000000,0.09418509,3.00000000,0.00000000,0.00000000,8.73855499
Chair,42397,main,hedgehog_3d,9,0.00000000,0.33333333,0.05851585,0.00011705,0.09298963,3.00000000,0.00000000,1.00000000,8.53593333
Chair,42397,main,plane,9,0.00000000,0.44444444,0.05032034,0.00000000,0.09550434,2.00000000,0.00000000,0.00000000,12.07532477
Chair,42397,up,manual,9,1.00000000,1.00000000,0.00000000,0.00000000,0.19035541,0.00000000,0.00000000,0.00000000,100.00000000
Chair,42397,up,hedgehog_1d,9,0.11111111,0.44444444,0.03934244,0.00000000,0.09131214,4.00000000,0.00000000,0.00000000,20.12755004
Chair,42397,up,hedgehog_3d,9,0.22222222,0.66666667,0.02946817,0.00000000,0.09971391,2.00000000,0.00000000,0.00000000,34.81885130
Chair,42397,up,plane,9,0.22222222,0.44444444,0.06830882,0.00000000,0.09390588,3.00000000,0.00000000,0.00000000,27.18116847
Chair,42397,down,manual,9,1.00000000,1.00000000,0.00000000,0.00000000,0.18839333,0.00000000,0.00000000,0.00000000,100.00000000
Chair,42397,down,hedgehog_1d,9,0.00000000,0.22222222,0.11285440,0.00000000,0.07911004,1.00000000,0.00000000,0.00000000,3.84530674
Chair,42397,down,hedgehog_3d,9,0.00000000,0.22222222,0.01644862,0.00000000,0.09168083,1.00000000,0.00000000,0.00000000,6.25545112
Chair,42397,down,plane,9,0.00000000,0.22222222,0.02593860,0.00000000,0.09213045,1.00000000,0.00000000,0.00000000,6.01820164
Chair,42397,left,manual,9,1.00000000,1.00000000,0.00000000,0.00000000,0.16628897,0.00000000,0.00000000,0.00000000,100.00000000
Chair,42397,left,hedgehog_1d,9,0.22222222,0.66666667,0.07167826,0.00000000,0.10378881,3.00000000,0.00000000,0.00000000,33.76359915
Chair,42397,left,hedgehog_3d,9,0.22222222,0.55555556,0.02560199,0.00000000,0.10122453,4.00000000,0.00000000,0.00000000,31.58217257
Chair,42397,left,plane,9,0.22222222,0.55555556,0.04195687,0.00000000,0.10310082,3.00000000,0.00000000,0.00000000,31.17330036
Chair,42397,right,manual,9,1.00000000,1.00000000,0.02483558,0.00276967,0.16349802,0.00000000,0.00000000,1.00000000,99.35141385
Chair,42397,right,hedgehog_1d,9,0.11111111,0.44444444,0.08630767,0.00000000,0.10169251,4.00000000,0.00000000,0.00000000,18.95341930
Chair,42397,right,hedgehog_3d,9,0.11111111,0.55555556,0.01992218,0.00000000,0.10565995,2.00000000,0.00000000,0.00000000,23.94638985
Chair,42397,right,plane,9,0.11111111,0.44444444,0.08264706,0.00000000,0.10302171,3.00000000,0.00000000,0.00000000,19.04493462
Dishwasher,11898,main,manual,8,1.00000000,1.00000000,0.00000000,0.00000000,0.18343764,0.00000000,0.00000000,0.00000000,100.00000000
Dishwasher,11898,main,hedgehog_1d,8,0.00000000,0.00000000,0.02502720,0.00000000,0.06272047,1.00000000,0.00000000,0.00000000,-0.62568006
Dishwasher,11898,main,hedgehog_3d,8,0.00000000,0.12500000,0.00777640,0.00000000,0.06173575,1.00000000,0.00000000,0.00000000,3.55559005
Dishwasher,11898,main,plane,8,0.12500000,0.12500000,0.01826525,0.00000000,0.06048649,2.00000000,0.00000000,0.00000000,12.04336878
Dishwasher,11898,up,manual,8,1.00000000,1.00000000,0.00000000,0.00100514,0.17990567,0.00000000,0.00000000,1.00000000,99.98994864
Dishwasher,11898,up,hedgehog_1d,8,0.00000000,0.12500000,0.00668014,0.00000000,0.05854850,0.00000000,0.00000000,0.00000000,3.58299645
Dishwasher,11898,up,hedgehog_3d,8,0.00000000,0.12500000,0.00758869,0.00000000,0.06098769,0.00000000,0.00000000,0.00000000,3.56028275
Dishwasher,11898,up,plane,8,0.00000000,0.12500000,0.01690720,0.00000000,0.05937131,0.00000000,0.00000000,0.00000000,3.32732000
Dishwasher,11898,down,manual,8,1.00000000,1.00000000,0.00000000,0.00000000,0.18638022,0.00000000,0.00000000,0.00000000,100.00000000
Dishwasher,11898,down,hedgehog_1d,8,0.00000000,0.12500000,0.03953531,0.00000000,0.04413509,2.00000000,0.00000000,0.00000000,2.76161724
Dishwasher,11898,down,hedgehog_3d,8,0.00000000,0.12500000,0.01458994,0.00000000,0.04171622,4.00000000,0.00000000,0.00000000,3.38525141
Dishwasher,11898,down,plane,8,0.00000000,0.12500000,0.01278039,0.00000000,0.04186210,3.00000000,0.00000000,0.00000000,3.43049024
Dishwasher,11898,left,manual,8,1.00000000,1.00000000,0.00000000,0.00000000,0.16204871,0.00000000,0.00000000,0.00000000,100.00000000
Dishwasher,11898,left,hedgehog_1d,8,0.25000000,0.50000000,0.06043250,0.00000000,0.06466394,3.00000000,0.00000000,0.00000000,30.98918749
Dishwasher,11898,left,hedgehog_3d,8,0.37500000,0.37500000,0.02581034,0.00000000,0.06831620,3.00000000,0.00000000,0.00000000,36.85474151
Dishwasher,11898,left,plane,8,0.12500000,0.37500000,0.01008892,0.00000000,0.06707221,0.00000000,0.00000000,0.00000000,19.74777693
Dishwasher,11898,right,manual,8,1.00000000,1.00000000,0.03243002,0.00000000,0.14128204,0.00000000,0.00000000,0.00000000,99.18924957
Dishwasher,11898,right,hedgehog_1d,8,0.25000000,0.50000000,0.02849558,0.00000000,0.05592031,2.00000000,0.00000000,0.00000000,31.78761044
Dishwasher,11898,right,hedgehog_3d,8,0.25000000,0.50000000,0.00642736,0.00000000,0.05465220,2.00000000,0.00000000,0.00000000,32.33931597
Dishwasher,11898,right,plane,8,0.25000000,0.50000000,0.01919302,0.00000000,0.05308204,2.00000000,0.00000000,0.00000000,32.02017455
Dishwasher,12572,main,manual,8,1.00000000,1.00000000,0.00000000,0.00000000,0.13054848,0.00000000,0.00000000,0.00000000,100.00000000
Dishwasher,12572,main,hedgehog_1d,8,0.00000000,0.75000000,0.04769833,0.00000000,0.05416628,2.00000000,0.00000000,0.00000000,21.30754182
Dishwasher,12572,main,hedgehog_3d,8,0.12500000,0.75000000,0.01338378,0.00000000,0.05732846,3.00000000,0.00000000,0.00000000,30.91540538
Dishwasher,12572,main,plane,8,0.12500000,0.75000000,0.01587254,0.00000000,0.06188016,2.00000000,0.00000000,0.00000000,30.85318650
Dishwasher,12572,up,manual,8,1.00000000,1.00000000,0.00000000,0.00000000,0.11306858,0.00000000,0.00000000,0.00000000,100.00000000
Dishwasher,12572,up,hedgehog_1d,8,0.12500000,0.75000000,0.00860607,0.00000000,0.06927876,1.00000000,0.00000000,0.00000000,31.03484820
Dishwasher,12572,up,hedgehog_3d,8,0.12500000,0.75000000,0.00673172,0.00000000,0.06871503,0.00000000,0.00000000,0.00000000,31.08170711
Dishwasher,12572,up,plane,8,0.12500000,0.87500000,0.01396976,0.00000000,0.06574121,1.00000000,0.00000000,0.00000000,34.65075594
Dishwasher,12572,down,manual,8,1.00000000,1.00000000,0.02574528,0.00000000,0.12668212,0.00000000,0.00000000,0.00000000,99.35636801
Dishwasher,12572,down,hedgehog_1d,8,0.12500000,0.50000000,0.14342639,0.00000000,0.06386977,4.00000000,0.00000000,0.00000000,20.16434031
Dishwasher,12572,down,hedgehog_3d,8,0.12500000,0.50000000,0.01183988,0.00000000,0.04645879,3.00000000,0.00000000,0.00000000,23.45400296
Dishwasher,12572,down,plane,8,0.12500000,0.37500000,0.02438039,0.00000000,0.04815964,3.00000000,0.00000000,0.00000000,19.39049029
Dishwasher,12572,left,manual,8,1.00000000,1.00000000,0.01027116,0.00000000,0.10903835,0.00000000,0.00000000,0.00000000,99.74322089
Dishwasher,12572,left,hedgehog_1d,8,0.12500000,0.62500000,0.06657610,0.00000000,0.05883700,3.00000000,0.00000000,0.00000000,25.83559762
Dishwasher,12572,left,hedgehog_3d,8,0.25000000,0.75000000,0.01832460,0.00000000,0.05322807,4.00000000,0.00000000,0.00000000,39.54188501
Dishwasher,12572,left,plane,8,0.12500000,0.75000000,0.04545468,0.00000000,0.06353741,3.00000000,0.00000000,0.00000000,30.11363300
Dishwasher,12572,right,manual,8,1.00000000,1.00000000,0.00520454,0.00000000,0.10538457,0.00000000,0.00000000,0.00000000,99.86988638
Dishwasher,12572,right,hedgehog_1d,8,0.50000000,0.75000000,0.03739057,0.00000000,0.05272661,2.00000000,0.00000000,0.00000000,56.56523572
Dishwasher,12572,right,hedgehog_3d,8,0.37500000,0.75000000,0.00868137,0.00000000,0.04638938,3.00000000,0.00000000,0.00000000,48.53296567
Dishwasher,12572,right,plane,8,0.37500000,0.87500000,0.01389201,0.00000000,0.04400658,2.00000000,0.00000000,0.00000000,52.15269987
Dishwasher,12575,main,manual,8,1.00000000,1.00000000,0.02423083,0.00000000,0.18434522,0.00000000,0.00000000,0.00000000,99.39422916
Dishwasher,12575,main,hedgehog_1d,8,0.00000000,0.00000000,0.14211830,0.00000000,0.05703143,1.00000000,1.00000000,0.00000000,-3.55295759
Dishwasher,12575,main,hedgehog_3d,8,0.00000000,0.00000000,0.04772540,0.00000000,0.05928933,2.00000000,0.00000000,0.00000000,-1.19313501
Dishwasher,12575,main,plane,8,0.00000000,0.00000000,0.03628729,0.00000000,0.06098313,2.00000000,0.00000000,0.00000000,-0.90718232
Dishwasher,12575,up,manual,8,1.00000000,1.00000000,0.04806605,0.04328024,0.16203088,0.00000000,0.00000000,2.00000000,98.36554634
Dishwasher,12575,up,hedgehog_1d,8,0.00000000,0.12500000,0.12209272,0.00000000,0.05409393,2.00000000,0.00000000,0.00000000,0.69768202
Dishwasher,12575,up,hedgehog_3d,8,0.00000000,0.12500000,0.00664772,0.00000000,0.05532376,1.00000000,0.00000000,0.00000000,3.58380691
Dishwasher,12575,up,plane,8,0.00000000,0.00000000,0.01294546,0.00000000,0.05440409,2.00000000,0.00000000,0.00000000,-0.32363642
Dishwasher,12575,down,manual,8,1.00000000,1.00000000,0.00000000,0.00000000,0.17371613,0.00000000,0.00000000,0.00000000,100.00000000
Dishwasher,12575,down,hedgehog_1d,8,0.00000000,0.12500000,0.04508681,0.00000000,0.04294939,3.00000000,0.00000000,0.00000000,2.62282981
Dishwasher,12575,down,hedgehog_3d,8,0.00000000,0.12500000,0.01005762,0.00000000,0.04672108,2.00000000,0.00000000,0.00000000,3.49855958
Dishwasher,12575,down,plane,8,0.00000000,0.12500000,0.04039366,0.00000000,0.04178312,3.00000000,0.00000000,0.00000000,2.74015857
Dishwasher,12575,left,manual,8,1.00000000,1.00000000,0.00000000,0.00000681,0.17541284,0.00000000,0.00000000,1.00000000,99.99993191
Dishwasher,12575,left,hedgehog_1d,8,0.12500000,0.25000000,0.06482363,0.00000000,0.06612204,4.00000000,0.00000000,0.00000000,14.62940920
Dishwasher,12575,left,hedgehog_3d,8,0.00000000,0.25000000,0.02058098,0.00000000,0.05929386,4.00000000,0.00000000,0.00000000,6.98547556
Dishwasher,12575,left,plane,8,0.00000000,0.25000000,0.03236570,0.00000000,0.05564082,3.00000000,0.00000000,0.00000000,6.69085753
Dishwasher,12575,right,manual,8,1.00000000,1.00000000,0.04695584,0.00000000,0.14948158,0.00000000,0.00000000,0.00000000,98.82610397
Dishwasher,12575,right,hedgehog_1d,8,0.00000000,0.12500000,0.03107679,0.00000000,0.05828403,2.00000000,0.00000000,0.00000000,2.97308030
Dishwasher,12575,right,hedgehog_3d,8,0.00000000,0.25000000,0.00915494,0.00000000,0.05669759,2.00000000,0.00000000,0.00000000,7.27112652
Dishwasher,12575,right,plane,8,0.00000000,0.25000000,0.01507337,0.00000000,0.05700461,1.00000000,0.00000000,0.00000000,7.12316577
Dishwasher,12580,main,manual,9,1.00000000,1.00000000,0.00000000,0.00000000,0.16638360,0.00000000,0.00000000,0.00000000,100.00000000
Dishwasher,12580,main,hedgehog_1d,9,0.00000000,0.44444444,0.03852037,0.00000000,0.05966135,4.00000000,0.00000000,0.00000000,12.37032417
Dishwasher,12580,main,hedgehog_3d,9,0.00000000,0.44444444,0.03141362,0.00000000,0.05830844,3.00000000,0.00000000,0.00000000,12.54799279
Dishwasher,12580,main,plane,9,0.00000000,0.44444444,0.03282428,0.00000000,0.05577282,5.00000000,0.00000000,0.00000000,12.51272633
Dishwasher,12580,up,manual,9,1.00000000,1.00000000,0.00375594,0.00070310,0.14647362,0.00000000,0.00000000,1.00000000,99.89907058
Dishwasher,12580,up,hedgehog_1d,9,0.22222222,0.66666667,0.09882644,0.00000000,0.05084769,2.00000000,0.00000000,0.00000000,33.08489459
Dishwasher,12580,up,hedgehog_3d,9,0.22222222,0.66666667,0.00617142,0.00000000,0.05288727,2.00000000,0.00000000,0.00000000,35.40127004
Dishwasher,12580,up,plane,9,0.22222222,0.66666667,0.04088746,0.00000000,0.05180467,3.00000000,0.00000000,0.00000000,34.53336916
Dishwasher,12580,down,manual,9,1.00000000,1.00000000,0.00000000,0.00141291,0.15113449,0.00000000,0.00000000,1.00000000,99.98587093
Dishwasher,12580,down,hedgehog_1d,9,0.22222222,0.55555556,0.04822586,0.00000000,0.05274994,6.00000000,0.00000000,0.00000000,31.01657571
Dishwasher,12580,down,hedgehog_3d,9,0.11111111,0.55555556,0.03083126,0.00000000,0.05347152,7.00000000,0.00000000,0.00000000,23.67366285
Dishwasher,12580,down,plane,9,0.22222222,0.44444444,0.02904476,0.00000000,0.05489445,4.00000000,0.00000000,0.00000000,28.16277000
Dishwasher,12580,left,manual,9,1.00000000,1.00000000,0.00615249,0.00000000,0.15588265,0.00000000,0.00000000,0.00000000,99.84618771
Dishwasher,12580,left,hedgehog_1d,9,0.22222222,0.55555556,0.08463489,0.00000000,0.05963793,4.00000000,0.00000000,0.00000000,30.10635002
Dishwasher,12580,left,hedgehog_3d,9,0.22222222,0.55555556,0.03676339,0.00000000,0.06025661,5.00000000,0.00000000,0.00000000,31.30313749
Dishwasher,12580,left,plane,9,0.22222222,0.44444444,0.05953986,0.00000000,0.05496232,7.00000000,0.00000000,0.00000000,27.40039245
Dishwasher,12580,right,manual,9,1.00000000,1.00000000,0.00000000,0.00452796,0.13712379,0.00000000,0.00000000,1.00000000,99.95472036
Dishwasher,12580,right,hedgehog_1d,9,0.11111111,0.55555556,0.02611461,0.00000000,0.04947432,3.00000000,0.00000000,0.00000000,23.79157907
Dishwasher,12580,right,hedgehog_3d,9,0.11111111,0.55555556,0.00534902,0.00460742,0.08882260,1.00000000,0.00000000,1.00000000,24.26464469
Dishwasher,12580,right,plane,9,0.00000000,0.55555556,0.02365456,0.00000000,0.05313998,3.00000000,0.00000000,0.00000000,16.07530276
Dishwasher,13175,main,manual,8,1.00000000,1.00000000,0.00000000,0.00000000,0.16195675,0.00000000,0.00000000,0.00000000,100.00000000
Dishwasher,13175,main,hedgehog_1d,8,0.00000000,0.25000000,0.04780453,0.00000000,0.06798703,2.00000000,0.00000000,0.00000000,6.30488682
Dishwasher,13175,main,hedgehog_3d,8,0.00000000,0.37500000,0.01800843,0.00000000,0.06645635,1.00000000,0.00000000,0.00000000,10.79978924
Dishwasher,13175,main,plane,8,0.00000000,0.37500000,0.01683416,0.00000000,0.06413839,1.00000000,0.00000000,0.00000000,10.82914603
Dishwasher,13175,up,manual,8,1.00000000,1.00000000,0.00000000,0.00000000,0.15735514,0.00000000,0.00000000,0.00000000,100.00000000
Dishwasher,13175,up,hedgehog_1d,8,0.12500000,0.62500000,0.25362716,0.00000000,0.06396076,4.00000000,0.00000000,0.00000000,21.15932093
Dishwasher,13175,up,hedgehog_3d,8,0.12500000,0.62500000,0.01226395,0.00000000,0.06225652,3.00000000,0.00000000,0.00000000,27.19340124
Dishwasher,13175,up,plane,8,0.12500000,0.62500000,0.01714288,0.00000000,0.06094971,4.00000000,0.00000000,0.00000000,27.07142807
Dishwasher,13175,down,manual,8,1.00000000,1.00000000,0.00000000,0.00000000,0.15376399,0.00000000,0.00000000,0.00000000,100.00000000
Dishwasher,13175,down,hedgehog_1d,8,0.25000000,0.25000000,0.03406558,0.00000000,0.04420215,4.00000000,0.00000000,0.00000000,24.14836057
Dishwasher,13175,down,hedgehog_3d,8,0.25000000,0.25000000,0.01285131,0.00000000,0.04025199,3.00000000,0.00000000,0.00000000,24.67871713
Dishwasher,13175,down,plane,8,0.25000000,0.25000000,0.02153401,0.00000000,0.04008682,3.00000000,0.00000000,0.00000000,24.46164972
Dishwasher,13175,left,manual,8,1.00000000,1.00000000,0.09008522,0.00000000,0.12993100,0.00000000,0.00000000,0.00000000,97.74786941
Dishwasher,13175,left,hedgehog_1d,8,0.12500000,0.37500000,0.04196027,0.00000000,0.05529143,3.00000000,0.00000000,0.00000000,18.95099326
Dishwasher,13175,left,hedgehog_3d,8,0.00000000,0.37500000,0.00718375,0.00000000,0.06100659,1.00000000,0.00000000,0.00000000,11.07040615
Dishwasher,13175,left,plane,8,0.00000000,0.37500000,0.02005708,0.00000000,0.05603244,3.00000000,0.00000000,0.00000000,10.74857309
Dishwasher,13175,right,manual,8,1.00000000,1.00000000,0.16451670,0.00000000,0.11789403,0.00000000,0.00000000,0.00000000,95.88708244
Dishwasher,13175,right,hedgehog_1d,8,0.00000000,0.50000000,0.06188606,0.00000000,0.06639743,3.00000000,0.00000000,0.00000000,13.45284858
Dishwasher,13175,right,hedgehog_3d,8,0.00000000,0.62500000,0.01050584,0.00000000,0.05656730,3.00000000,0.00000000,0.00000000,18.48735399
Dishwasher,13175,right,plane,8,0.00000000,0.62500000,0.02095032,0.00000000,0.05950963,3.00000000,0.00000000,0.00000000,18.22624212
Door,8944,main,manual,6,1.00000000,1.00000000,0.00000000,0.00000642,0.20999602,0.00000000,0.00000000,1.00000000,99.99993579
Door,8944,main,hedgehog_1d,6,0.00000000,0.16666667,0.16241535,0.00000000,0.09767713,4.00000000,0.00000000,0.00000000,0.93961617
Door,8944,main,hedgehog_3d,6,0.00000000,0.00000000,0.19465519,0.00598755,0.16263319,2.00000000,0.00000000,3.00000000,-4.92625514
Door,8944,main,plane,6,0.00000000,0.00000000,0.01761846,0.00000000,0.07528188,2.00000000,0.00000000,0.00000000,-0.44046149
Door,8944,up,manual,6,1.00000000,1.00000000,0.00000000,0.00000000,0.18879520,0.00000000,0.00000000,0.00000000,100.00000000
Door,8944,up,hedgehog_1d,6,0.00000000,0.00000000,0.15923203,0.00000000,0.08353264,3.00000000,0.00000000,0.00000000,-3.98080074
Door,8944,up,hedgehog_3d,6,0.00000000,0.00000000,0.02765709,0.00000000,0.06703261,3.00000000,0.00000000,0.00000000,-0.69142728
Door,8944,up,plane,6,0.00000000,0.00000000,0.04569553,0.00000000,0.06467977,3.00000000,0.00000000,0.00000000,-1.14238829
Door,8944,down,manual,6,1.00000000,1.00000000,0.00000000,0.00003468,0.17631312,0.00000000,0.00000000,1.00000000,99.99965322
Door,8944,down,hedgehog_1d,6,0.00000000,0.16666667,0.22460633,0.00000000,0.08494619,3.00000000,0.00000000,0.00000000,-0.61515831
Door,8944,down,hedgehog_3d,6,0.00000000,0.16666667,0.00683650,0.00000000,0.07647483,1.00000000,0.00000000,0.00000000,4.82908743
Door,8944,down,plane,6,0.00000000,0.00000000,0.02360477,0.00000000,0.06749695,3.00000000,0.00000000,0.00000000,-0.59011921
Door,8944,left,manual,6,1.00000000,1.00000000,0.02808268,0.00000000,0.17793315,0.00000000,0.00000000,0.00000000,99.29793301
Door,8944,left,hedgehog_1d,6,0.16666667,0.33333333,0.29799408,0.00000000,0.11821907,3.00000000,0.00000000,0.00000000,14.21681474
Door,8944,left,hedgehog_3d,6,0.00000000,0.16666667,0.08092082,0.00021631,0.14589186,1.00000000,0.00000000,1.00000000,2.97481649
Door,8944,left,plane,6,0.00000000,0.33333333,0.02810440,0.00000000,0.10768861,3.00000000,0.00000000,0.00000000,9.29739009
Door,8944,right,manual,6,1.00000000,1.00000000,0.01146455,0.00046656,0.18500806,0.00000000,0.00000000,1.00000000,99.70872071
Door,8944,right,hedgehog_1d,6,0.00000000,0.33333333,0.31602367,0.00000000,0.10677174,4.00000000,0.00000000,0.00000000,2.09940820
Door,8944,right,hedgehog_3d,6,0.00000000,0.33333333,0.03865524,0.00000000,0.09707569,1.00000000,0.00000000,0.00000000,9.03361899
Door,8944,right,plane,6,0.00000000,0.33333333,0.02668458,0.00000000,0.10119519,3.00000000,0.00000000,0.00000000,9.33288546
Door,9164,main,manual,6,1.00000000,1.00000000,0.00000000,0.00000000,0.19641296,0.00000000,0.00000000,0.00000000,100.00000000
Door,9164,main,hedgehog_1d,6,0.00000000,0.00000000,0.31290092,0.00000000,0.07135366,3.00000000,0.00000000,0.00000000,-7.82252301
Door,9164,main,hedgehog_3d,6,0.00000000,0.00000000,0.07617265,0.00000000,0.07512855,3.00000000,0.00000000,0.00000000,-1.90431619
Door,9164,main,plane,6,0.00000000,0.00000000,0.01803223,0.00000000,0.08564982,1.00000000,0.00000000,0.00000000,-0.45080579
Door,9164,up,manual,6,1.00000000,1.00000000,0.00000000,0.00000000,0.15555523,0.00000000,0.00000000,0.00000000,100.00000000
Door,9164,up,hedgehog_1d,6,0.00000000,0.16666667,0.29825221,0.00000000,0.06917718,4.00000000,0.00000000,0.00000000,-2.45630524
Door,9164,up,hedgehog_3d,6,0.00000000,0.00000000,0.09437573,0.00012253,0.11675918,2.00000000,0.00000000,1.00000000,-2.36061849
Door,9164,up,plane,6,0.00000000,0.00000000,0.07244861,0.00000000,0.05708884,4.00000000,0.00000000,0.00000000,-1.81121529
Door,9164,down,manual,6,1.00000000,1.00000000,0.00000000,0.00000000,0.17092633,0.00000000,0.00000000,0.00000000,100.00000000
Door,9164,down,hedgehog_1d,6,0.16666667,0.16666667,0.30831488,0.00000000,0.11742091,3.00000000,0.00000000,0.00000000,8.95879458
Door,9164,down,hedgehog_3d,6,0.00000000,0.00000000,0.09685334,0.00006985,0.13968841,2.00000000,0.00000000,2.00000000,-2.42203203
Door,9164,down,plane,6,0.16666667,0.16666667,0.04921428,0.00000000,0.09234633,2.00000000,0.00000000,0.00000000,15.43630975
Door,9164,left,manual,6,1.00000000,1.00000000,0.00615654,0.00000000,0.17650702,0.00000000,0.00000000,0.00000000,99.84608659
Door,9164,left,hedgehog_1d,6,0.00000000,0.00000000,0.60608441,0.00000000,0.09008061,5.00000000,0.00000000,0.00000000,-15.15211017
Door,9164,left,hedgehog_3d,6,0.00000000,0.00000000,0.01317589,0.00000000,0.09080738,3.00000000,0.00000000,0.00000000,-0.32939713
Door,9164,left,plane,6,0.00000000,0.00000000,0.03018788,0.00000000,0.09375414,3.00000000,0.00000000,0.00000000,-0.75469699
Door,9164,right,manual,6,1.00000000,1.00000000,0.00000000,0.00029017,0.17702048,0.00000000,0.00000000,1.00000000,99.99709829
Door,9164,right,hedgehog_1d,6,0.00000000,0.00000000,0.19778325,0.00000000,0.07612960,1.00000000,0.00000000,0.00000000,-4.94458118
Door,9164,right,hedgehog_3d,6,0.00000000,0.00000000,0.08976972,0.00000000,0.08140662,3.00000000,0.00000000,0.00000000,-2.24424312
Door,9164,right,plane,6,0.00000000,0.16666667,0.01791460,0.00000000,0.09215651,1.00000000,0.00000000,0.00000000,4.55213497
Door,9200,main,manual,6,1.00000000,1.00000000,0.00000000,0.00000000,0.20556189,0.00000000,0.00000000,0.00000000,100.00000000
Door,9200,main,hedgehog_1d,6,0.00000000,0.00000000,0.21694360,0.00000000,0.09108716,4.00000000,0.00000000,0.00000000,-5.42359000
Door,9200,main,hedgehog_3d,6,0.00000000,0.00000000,0.06553815,0.00000000,0.07857225,4.00000000,0.00000000,0.00000000,-1.63845384
Door,9200,main,plane,6,0.00000000,0.00000000,0.16976661,0.00000809,0.21631002,2.00000000,0.00000000,2.00000000,-4.24424603
Door,9200,up,manual,6,1.00000000,1.00000000,0.00000000,0.00000000,0.18675554,0.00000000,0.00000000,0.00000000,100.00000000
Door,9200,up,hedgehog_1d,6,0.00000000,0.00000000,0.23797369,0.00000000,0.06861574,4.00000000,0.00000000,0.00000000,-5.94934230
Door,9200,up,hedgehog_3d,6,0.00000000,0.16666667,0.04133017,0.00000000,0.07054532,3.00000000,0.00000000,0.00000000,3.96674572
Door,9200,up,plane,6,0.00000000,0.16666667,0.04792341,0.00000000,0.06597475,3.00000000,0.00000000,0.00000000,3.80191482
Door,9200,down,manual,6,1.00000000,1.00000000,0.00000000,0.00000000,0.19118461,0.00000000,0.00000000,0.00000000,100.00000000
Door,9200,down,hedgehog_1d,6,0.00000000,0.00000000,0.09980739,0.00000000,0.09148626,3.00000000,0.00000000,0.00000000,-2.49518469
Door,9200,down,hedgehog_3d,6,0.00000000,0.00000000,0.02938355,0.00000000,0.08090226,3.00000000,0.00000000,0.00000000,-0.73458873
Door,9200,down,plane,6,0.00000000,0.33333333,0.00413566,0.00000000,0.25696262,1.00000000,0.00000000,0.00000000,9.89660852
Door,9200,left,manual,6,1.00000000,1.00000000,0.03824357,0.00000000,0.15640060,0.00000000,0.00000000,0.00000000,99.04391077
Door,9200,left,hedgehog_1d,6,0.00000000,0.16666667,0.22925282,0.00000000,0.09607721,4.00000000,0.00000000,0.00000000,-0.73132038
Door,9200,left,hedgehog_3d,6,0.00000000,0.33333333,0.06147561,0.00000000,0.10450974,4.00000000,0.00000000,0.00000000,8.46310966
Door,9200,left,plane,6,0.00000000,0.33333333,0.19244469,0.00000000,0.09352307,4.00000000,0.00000000,0.00000000,5.18888269
Door,9200,right,manual,6,1.00000000,1.00000000,0.01133174,0.00000000,0.16762580,0.00000000,0.00000000,0.00000000,99.71670647
Door,9200,right,hedgehog_1d,6,0.00000000,0.33333333,0.19000661,0.00000000,0.09509534,4.00000000,0.00000000,0.00000000,5.24983470
Door,9200,right,hedgehog_3d,6,0.00000000,0.33333333,0.04830322,0.00000000,0.09211196,4.00000000,0.00000000,0.00000000,8.79241950
Door,9200,right,plane,6,0.00000000,0.33333333,0.02142148,0.00000000,0.09805392,2.00000000,0.00000000,0.00000000,9.46446288
Door,9288,main,manual,6,1.00000000,1.00000000,0.00000000,0.00012536,0.21187293,0.00000000,0.00000000,1.00000000,99.99874643
Door,9288,main,hedgehog_1d,6,0.00000000,0.00000000,0.06679831,0.00000000,0.06442394,2.00000000,0.00000000,0.00000000,-1.66995777
Door,9288,main,hedgehog_3d,6,0.00000000,0.00000000,0.00739582,0.00000000,0.06208349,1.00000000,0.00000000,0.00000000,-0.18489561
Door,9288,main,plane,6,0.00000000,0.00000000,0.01498797,0.00000000,0.06148237,2.00000000,0.00000000,0.00000000,-0.37469914
Door,9288,up,manual,6,1.00000000,1.00000000,0.00000000,0.00006651,0.18538020,0.00000000,0.00000000,1.00000000,99.99933493
Door,9288,up,hedgehog_1d,6,0.00000000,0.16666667,0.23110483,0.00000000,0.08092973,3.00000000,0.00000000,0.00000000,-0.77762072
Door,9288,up,hedgehog_3d,6,0.00000000,0.00000000,0.03446297,0.00000000,0.06262510,3.00000000,0.00000000,0.00000000,-0.86157414
Door,9288,up,plane,6,0.00000000,0.00000000,0.04289373,0.00000000,0.05855060,3.00000000,0.00000000,0.00000000,-1.07234317
Door,9288,down,manual,6,1.00000000,1.00000000,0.00000000,0.00047514,0.19398330,0.00000000,0.00000000,3.00000000,99.99524858
Door,9288,down,hedgehog_1d,6,0.00000000,0.00000000,0.25675283,0.00000000,0.05686045,2.00000000,0.00000000,0.00000000,-6.41882082
Door,9288,down,hedgehog_3d,6,0.00000000,0.00000000,0.00694019,0.00000000,0.05488923,2.00000000,0.00000000,0.00000000,-0.17350472
Door,9288,down,plane,6,0.00000000,0.00000000,0.01762139,0.00000000,0.05582269,3.00000000,0.00000000,0.00000000,-0.44053482
Door,9288,left,manual,6,1.00000000,1.00000000,0.00000000,0.00018934,0.18775935,0.00000000,0.00000000,2.00000000,99.99810664
Door,9288,left,hedgehog_1d,6,0.00000000,0.16666667,0.01136007,0.00000000,0.09339920,0.00000000,0.00000000,0.00000000,4.71599821
Door,9288,left,hedgehog_3d,6,0.00000000,0.16666667,0.01161292,0.00000000,0.09359563,0.00000000,0.00000000,0.00000000,4.70967709
Door,9288,left,plane,6,0.00000000,0.16666667,0.01772547,0.00000000,0.08965968,1.00000000,0.00000000,0.00000000,4.55686336
Door,9288,right,manual,6,1.00000000,1.00000000,0.00000000,0.00013149,0.17613130,0.00000000,0.00000000,1.00000000,99.99868514
Door,9288,right,hedgehog_1d,6,0.00000000,0.00000000,0.24837539,0.00000000,0.08307284,3.00000000,0.00000000,0.00000000,-6.20938466
Door,9288,right,hedgehog_3d,6,0.00000000,0.00000000,0.06013098,0.00000000,0.08976734,1.00000000,0.00000000,0.00000000,-1.50327448
Door,9288,right,plane,6,0.00000000,0.33333333,0.03065099,0.00000000,0.10684049,3.00000000,0.00000000,0.00000000,9.23372532
Door,9290,main,manual,6,1.00000000,1.00000000,0.00000000,0.00000000,0.20740725,0.00000000,0.00000000,0.00000000,100.00000000
Door,9290,main,hedgehog_1d,6,0.00000000,0.33333333,0.17435621,0.00000000,0.07872310,2.00000000,0.00000000,0.00000000,5.64109471
Door,9290,main,hedgehog_3d,6,0.00000000,0.33333333,0.00878269,0.00000000,0.07487315,2.00000000,0.00000000,0.00000000,9.78043274
Door,9290,main,plane,6,0.00000000,0.33333333,0.01596726,0.00000000,0.08776865,1.00000000,0.00000000,0.00000000,9.60081842
Door,9290,up,manual,6,1.00000000,1.00000000,0.00000000,0.00000000,0.19334660,0.00000000,0.00000000,0.00000000,100.00000000
Door,9290,up,hedgehog_1d,6,0.16666667,0.33333333,0.27093136,0.00000000,0.07279625,4.00000000,0.00000000,0.00000000,14.89338267
Door,9290,up,hedgehog_3d,6,0.00000000,0.00000000,0.08272356,0.00000153,0.15975747,2.00000000,0.00000000,1.00000000,-2.06810413
Door,9290,up,plane,6,0.16666667,0.16666667,0.04314939,0.00000000,0.06585334,2.00000000,0.00000000,0.00000000,15.58793194
Door,9290,down,manual,6,1.00000000,1.00000000,0.00000000,0.00000000,0.18538525,0.00000000,0.00000000,0.00000000,100.00000000
Door,9290,down,hedgehog_1d,6,0.16666667,0.50000000,0.05695389,0.00000000,0.09045558,2.00000000,0.00000000,0.00000000,25.24281942
Door,9290,down,hedgehog_3d,6,0.16666667,0.50000000,0.00859053,0.00000000,0.08224190,0.00000000,0.00000000,0.00000000,26.45190340
Door,9290,down,plane,6,0.16666667,0.33333333,0.06419503,0.00000000,0.09867141,2.00000000,0.00000000,0.00000000,20.06179088
Door,9290,left,manual,6,1.00000000,1.00000000,0.04272834,0.00000000,0.15594881,0.00000000,0.00000000,0.00000000,98.93179158
Door,9290,left,hedgehog_1d,6,0.16666667,0.50000000,0.11729009,0.00000000,0.10039397,1.00000000,0.00000000,0.00000000,23.73441433
Door,9290,left,hedgehog_3d,6,0.00000000,0.50000000,0.01052690,0.00000000,0.09808864,1.00000000,0.00000000,0.00000000,14.73682751
Door,9290,left,plane,6,0.00000000,0.50000000,0.02053300,0.00000000,0.10220585,2.00000000,0.00000000,0.00000000,14.48667502
Door,9290,right,manual,6,1.00000000,1.00000000,0.00000000,0.00000000,0.17179659,0.00000000,0.00000000,0.00000000,100.00000000
Door,9290,right,hedgehog_1d,6,0.16666667,0.33333333,0.06279948,0.00000000,0.11487529,4.00000000,0.00000000,0.00000000,20.09667971
Door,9290,right,hedgehog_3d,6,0.00000000,0.50000000,0.01065726,0.00000000,0.09265338,0.00000000,0.00000000,0.00000000,14.73356849
Door,9290,right,plane,6,0.16666667,0.33333333,0.02714911,0.00000000,0.10378913,1.00000000,0.00000000,0.00000000,20.98793883
Earphone,10953,main,manual,7,1.00000000,1.00000000,0.00000000,0.00000000,0.20604877,0.00000000,0.00000000,0.00000000,100.00000000
Earphone,10953,main,hedgehog_1d,7,0.00000000,0.14285714,0.22131417,0.00000000,0.05933300,4.00000000,2.00000000,0.00000000,-1.24713995
Earphone,10953,main,hedgehog_3d,7,0.00000000,0.14285714,0.20497537,0.00013211,0.13159079,2.00000000,0.00000000,1.00000000,-0.83999112
Earphone,10953,main,plane,7,0.00000000,0.14285714,0.02861625,0.00000000,0.09371721,4.00000000,0.00000000,0.00000000,3.57030814
Earphone,10953,up,manual,7,1.00000000,1.00000000,0.00000000,0.00000000,0.19400218,0.00000000,0.00000000,0.00000000,100.00000000
Earphone,10953,up,hedgehog_1d,7,0.00000000,0.14285714,0.09372533,0.00000000,0.08678373,5.00000000,0.00000000,0.00000000,1.94258111
Earphone,10953,up,hedgehog_3d,7,0.00000000,0.42857143,0.01321915,0.00000000,0.11127901,2.00000000,0.00000000,0.00000000,12.52666413
Earphone,10953,up,plane,7,0.00000000,0.14285714,0.04792513,0.00000000,0.10357815,3.00000000,0.00000000,0.00000000,3.08758602
Earphone,10953,down,manual,7,1.00000000,1.00000000,0.00000000,0.00039642,0.20583968,0.00000000,0.00000000,2.00000000,99.99603581
Earphone,10953,down,hedgehog_1d,7,0.00000000,0.42857143,0.30662895,0.00000000,0.06103847,5.00000000,0.00000000,0.00000000,5.19141904
Earphone,10953,down,hedgehog_3d,7,0.14285714,0.57142857,0.04771459,0.00000000,0.09092630,4.00000000,0.00000000,0.00000000,25.94999227
Earphone,10953,down,plane,7,0.00000000,0.14285714,0.05611556,0.00000000,0.08656597,5.00000000,0.00000000,0.00000000,2.88282532
Earphone,10953,left,manual,7,1.00000000,1.00000000,0.01574668,0.00000000,0.17102968,0.00000000,0.00000000,0.00000000,99.60633304
Earphone,10953,left,hedgehog_1d,7,0.00000000,0.14285714,0.11748879,0.00000000,0.07817103,4.00000000,0.00000000,0.00000000,1.34849443
Earphone,10953,left,hedgehog_3d,7,0.00000000,0.28571429,0.04727850,0.00000000,0.09308664,3.00000000,0.00000000,0.00000000,7.38946617
Earphone,10953,left,plane,7,0.00000000,0.14285714,0.06353266,0.00000000,0.08690172,3.00000000,0.00000000,0.00000000,2.69739770
Earphone,10953,right,manual,7,1.00000000,1.00000000,0.00000000,0.00000000,0.16749125,0.00000000,0.00000000,0.00000000,100.00000000
Earphone,10953,right,hedgehog_1d,7,0.00000000,0.28571429,0.16294990,0.00000000,0.08245066,4.00000000,0.00000000,0.00000000,4.49768106
Earphone,10953,right,hedgehog_3d,7,0.00000000,0.57142857,0.02460480,0.00000000,0.08808326,3.00000000,0.00000000,0.00000000,16.52773710
Earphone,10953,right,plane,7,0.00000000,0.42857143,0.03401732,0.00000000,0.08070511,3.00000000,0.00000000,0.00000000,12.00670979
Earphone,11197,main,manual,8,1.00000000,1.00000000,0.00000000,0.00000000,0.18652322,0.00000000,0.00000000,0.00000000,100.00000000
Earphone,11197,main,hedgehog_1d,8,0.00000000,0.50000000,0.13761046,0.00000000,0.09630231,2.00000000,0.00000000,0.00000000,11.55973841
Earphone,11197,main,hedgehog_3d,8,0.00000000,0.25000000,0.01953334,0.00000000,0.09157470,2.00000000,0.00000000,0.00000000,7.01166645
Earphone,11197,main,plane,8,0.00000000,0.37500000,0.03427145,0.00000000,0.09060156,2.00000000,0.00000000,0.00000000,10.39321370
Earphone,11197,up,manual,8,1.00000000,1.00000000,0.00000000,0.00000000,0.17664422,0.00000000,0.00000000,0.00000000,100.00000000
Earphone,11197,up,hedgehog_1d,8,0.12500000,0.25000000,0.07399665,0.00000000,0.09545849,4.00000000,0.00000000,0.00000000,14.40008373
Earphone,11197,up,hedgehog_3d,8,0.00000000,0.00000000,0.01719072,0.00093959,0.14998598,2.00000000,0.00000000,1.00000000,-0.43916399
Earphone,11197,up,plane,8,0.12500000,0.37500000,0.03222838,0.00000000,0.08532302,4.00000000,0.00000000,0.00000000,19.19429054
Earphone,11197,down,manual,8,1.00000000,1.00000000,0.00000000,0.00000000,0.17255774,0.00000000,0.00000000,0.00000000,100.00000000
Earphone,11197,down,hedgehog_1d,8,0.00000000,0.37500000,0.05736852,0.00000000,0.08586865,4.00000000,0.00000000,0.00000000,9.81578691
Earphone,11197,down,hedgehog_3d,8,0.12500000,0.50000000,0.01101337,0.00000000,0.08633519,2.00000000,0.00000000,0.00000000,23.47466583
Earphone,11197,down,plane,8,0.12500000,0.37500000,0.02584261,0.00000000,0.08618758,4.00000000,0.00000000,0.00000000,19.35393477
Earphone,11197,left,manual,8,1.00000000,1.00000000,0.03018481,0.00000000,0.14889219,0.00000000,0.00000000,0.00000000,99.24537984
Earphone,11197,left,hedgehog_1d,8,0.12500000,0.75000000,0.13941279,0.00000000,0.08247112,1.00000000,3.00000000,0.00000000,27.76468020
Earphone,11197,left,hedgehog_3d,8,0.12500000,0.75000000,0.03940229,0.00000000,0.10066865,2.00000000,0.00000000,0.00000000,30.26494280
Earphone,11197,left,plane,8,0.12500000,0.75000000,0.03413121,0.00000000,0.09504585,3.00000000,0.00000000,0.00000000,30.39671965
Earphone,11197,right,manual,8,1.00000000,1.00000000,0.01914766,0.00055173,0.14863662,0.00000000,0.00000000,1.00000000,99.51579116
Earphone,11197,right,hedgehog_1d,8,0.25000000,0.50000000,0.05677671,0.00000000,0.09051492,3.00000000,0.00000000,0.00000000,31.08058237
Earphone,11197,right,hedgehog_3d,8,0.12500000,0.75000000,0.02406745,0.00000000,0.09086885,3.00000000,0.00000000,0.00000000,30.64831386
Earphone,11197,right,plane,8,0.25000000,0.75000000,0.02125209,0.00000000,0.08992282,2.00000000,0.00000000,0.00000000,39.46869781
Earphone,11446,main,manual,8,1.00000000,1.00000000,0.00000000,0.00000000,0.18177348,0.00000000,0.00000000,0.00000000,100.00000000
Earphone,11446,main,hedgehog_1d,8,0.00000000,0.25000000,0.18418094,0.00000000,0.08234769,5.00000000,0.00000000,0.00000000,2.89547657
Earphone,11446,main,hedgehog_3d,8,0.00000000,0.50000000,0.02595443,0.00000000,0.07237031,5.00000000,0.00000000,0.00000000,14.35113916
Earphone,11446,main,plane,8,0.00000000,0.50000000,0.04496143,0.00000000,0.07274256,5.00000000,0.00000000,0.00000000,13.87596425
Earphone,11446,up,manual,8,1.00000000,1.00000000,0.00000000,0.00009004,0.16660869,0.00000000,0.00000000,1.00000000,99.99909962
Earphone,11446,up,hedgehog_1d,8,0.00000000,0.37500000,0.17636991,0.00000000,0.07473474,5.00000000,0.00000000,0.00000000,6.84075214
Earphone,11446,up,hedgehog_3d,8,0.00000000,0.12500000,0.02359277,0.00000000,0.07357340,3.00000000,0.00000000,0.00000000,3.16018068
Earphone,11446,up,plane,8,0.12500000,0.25000000,0.05326283,0.00068441,0.19668201,3.00000000,0.00000000,2.00000000,14.91158515
Earphone,11446,down,manual,8,1.00000000,1.00000000,0.00000000,0.00117594,0.15466785,0.00000000,0.00000000,1.00000000,99.98824055
Earphone,11446,down,hedgehog_1d,8,0.12500000,0.37500000,0.17967085,0.00000000,0.08140706,3.00000000,0.00000000,0.00000000,15.50822882
Earphone,11446,down,hedgehog_3d,8,0.12500000,0.37500000,0.01705614,0.00000000,0.07601656,3.00000000,0.00000000,0.00000000,19.57359639
Earphone,11446,down,plane,8,0.12500000,0.50000000,0.02933889,0.00000000,0.07318882,3.00000000,0.00000000,0.00000000,23.01652769
Earphone,11446,left,manual,8,1.00000000,1.00000000,0.01063592,0.00000000,0.15189025,0.00000000,0.00000000,0.00000000,99.73410212
Earphone,11446,left,hedgehog_1d,8,0.12500000,0.75000000,0.16793467,0.00000000,0.08576924,4.00000000,0.00000000,0.00000000,27.05163336
Earphone,11446,left,hedgehog_3d,8,0.12500000,0.50000000,0.02710191,0.00000000,0.07627654,5.00000000,0.00000000,0.00000000,23.07245216
Earphone,11446,left,plane,8,0.12500000,0.62500000,0.04614827,0.00000000,0.07707963,4.00000000,0.00000000,0.00000000,26.34629326
Earphone,11446,right,manual,8,1.00000000,1.00000000,0.00000000,0.00000000,0.15702296,0.00000000,0.00000000,0.00000000,100.00000000
Earphone,11446,right,hedgehog_1d,8,0.00000000,0.75000000,0.27848117,0.00000000,0.07424149,5.00000000,0.00000000,0.00000000,15.53797085
Earphone,11446,right,hedgehog_3d,8,0.25000000,0.50000000,0.03879517,0.00000000,0.07620793,5.00000000,0.00000000,0.00000000,31.53012063
Earphone,11446,right,plane,8,0.25000000,0.62500000,0.05279578,0.00000000,0.08239573,4.00000000,0.00000000,0.00000000,34.93010561
Earphone,11471,main,manual,7,1.00000000,1.00000000,0.00000000,0.00000000,0.18353963,0.00000000,0.00000000,0.00000000,100.00000000
Earphone,11471,main,hedgehog_1d,7,0.14285714,0.28571429,0.02851473,0.00000000,0.07158177,2.00000000,0.00000000,0.00000000,17.85856039
Earphone,11471,main,hedgehog_3d,7,0.28571429,0.28571429,0.01517531,0.00000000,0.06990672,2.00000000,0.00000000,0.00000000,28.19204573
Earphone,11471,main,plane,7,0.00000000,0.28571429,0.02357146,0.00000000,0.07199131,2.00000000,0.00000000,0.00000000,7.98214215
Earphone,11471,up,manual,7,1.00000000,1.00000000,0.00000000,0.00000000,0.16969988,0.00000000,0.00000000,0.00000000,100.00000000
Earphone,11471,up,hedgehog_1d,7,0.28571429,0.28571429,0.27296441,0.00000000,0.08954862,4.00000000,0.00000000,0.00000000,21.74731836
Earphone,11471,up,hedgehog_3d,7,0.28571429,0.42857143,0.02229213,0.00000000,0.08153110,3.00000000,0.00000000,0.00000000,32.29983972
Earphone,11471,up,plane,7,0.28571429,0.42857143,0.02677904,0.00000000,0.07949878,3.00000000,0.00000000,0.00000000,32.18766695
Earphone,11471,down,manual,7,1.00000000,1.00000000,0.01262411,0.00000000,0.17349231,0.00000000,0.00000000,0.00000000,99.68439722
Earphone,11471,down,hedgehog_1d,7,0.14285714,0.57142857,0.02211154,0.00000000,0.07082428,2.00000000,0.00000000,0.00000000,26.59006859
Earphone,11471,down,hedgehog_3d,7,0.28571429,0.57142857,0.01493230,0.00000000,0.07341977,2.00000000,0.00000000,0.00000000,36.76954976
Earphone,11471,down,plane,7,0.14285714,0.42857143,0.01955290,0.00000000,0.07572283,1.00000000,0.00000000,0.00000000,22.36832026
Earphone,11471,left,manual,7,1.00000000,1.00000000,0.00000000,0.00000000,0.14600695,0.00000000,0.00000000,0.00000000,100.00000000
Earphone,11471,left,hedgehog_1d,7,0.14285714,0.42857143,0.02359528,0.00000000,0.07493595,1.00000000,0.00000000,0.00000000,22.26726091
Earphone,11471,left,hedgehog_3d,7,0.14285714,0.42857143,0.01727899,0.00000000,0.07278519,1.00000000,0.00000000,0.00000000,22.42516800
Earphone,11471,left,plane,7,0.00000000,0.42857143,0.02788050,0.00000000,0.07235098,1.00000000,0.00000000,0.00000000,12.16013026
Earphone,11471,right,manual,7,1.00000000,1.00000000,0.00000000,0.00000000,0.14557424,0.00000000,0.00000000,0.00000000,100.00000000
Earphone,11471,right,hedgehog_1d,7,0.28571429,0.42857143,0.10922871,0.00000000,0.07176654,4.00000000,0.00000000,0.00000000,30.12642509
Earphone,11471,right,hedgehog_3d,7,0.14285714,0.57142857,0.02039720,0.00000000,0.08306022,4.00000000,0.00000000,0.00000000,26.63292724
Earphone,11471,right,plane,7,0.42857143,0.42857143,0.07771728,0.00000000,0.08332875,3.00000000,0.00000000,0.00000000,40.91421091
Earphone,11934,main,manual,8,1.00000000,1.00000000,0.00000000,0.00000000,0.19778570,0.00000000,0.00000000,0.00000000,100.00000000
Earphone,11934,main,hedgehog_1d,8,0.12500000,0.50000000,0.03870604,0.00000000,0.09671943,3.00000000,0.00000000,0.00000000,22.78234888
Earphone,11934,main,hedgehog_3d,8,0.00000000,0.37500000,0.00947544,0.00000000,0.09231225,3.00000000,0.00000000,0.00000000,11.01311399
Earphone,11934,main,plane,8,0.00000000,0.37500000,0.02413383,0.00000000,0.08692982,3.00000000,0.00000000,0.00000000,10.64665436
Earphone,11934,up,manual,8,1.00000000,1.00000000,0.00000000,0.00001087,0.18205503,0.00000000,0.00000000,1.00000000,99.99989128
Earphone,11934,up,hedgehog_1d,8,0.37500000,0.37500000,0.13400496,0.00000000,0.08846138,4.00000000,0.00000000,0.00000000,34.14987610
Earphone,11934,up,hedgehog_3d,8,0.25000000,0.37500000,0.01528033,0.00000000,0.18117070,1.00000000,0.00000000,0.00000000,28.36799172
Earphone,11934,up,plane,8,0.12500000,0.37500000,0.04274381,0.00000000,0.08127354,2.00000000,0.00000000,0.00000000,18.93140483
Earphone,11934,down,manual,8,1.00000000,1.00000000,0.00249457,0.00000000,0.17485639,0.00000000,0.00000000,0.00000000,99.93763566
Earphone,11934,down,hedgehog_1d,8,0.25000000,0.50000000,0.13789880,0.00000000,0.09230893,2.00000000,3.00000000,0.00000000,29.05253003
Earphone,11934,down,hedgehog_3d,8,0.12500000,0.62500000,0.01969782,0.00000000,0.10305451,2.00000000,0.00000000,0.00000000,27.00755453
Earphone,11934,down,plane,8,0.12500000,0.50000000,0.02245648,0.00000000,0.10422354,0.00000000,0.00000000,0.00000000,23.18858803
Earphone,11934,left,manual,8,1.00000000,1.00000000,0.00000000,0.00000000,0.16678061,0.00000000,0.00000000,0.00000000,100.00000000
Earphone,11934,left,hedgehog_1d,8,0.25000000,0.62500000,0.04505047,0.00000000,0.10819601,2.00000000,0.00000000,0.00000000,35.12373836
Earphone,11934,left,hedgehog_3d,8,0.25000000,0.62500000,0.01173649,0.00000000,0.10761321,1.00000000,0.00000000,0.00000000,35.95658766
Earphone,11934,left,plane,8,0.25000000,0.62500000,0.02261382,0.00000000,0.10272532,3.00000000,0.00000000,0.00000000,35.68465441
Earphone,11934,right,manual,8,1.00000000,1.00000000,0.00000000,0.00000000,0.16557839,0.00000000,0.00000000,0.00000000,100.00000000
Earphone,11934,right,hedgehog_1d,8,0.00000000,0.62500000,0.11746872,0.00000000,0.08708886,5.00000000,0.00000000,0.00000000,15.81328189
Earphone,11934,right,hedgehog_3d,8,0.12500000,0.50000000,0.01256735,0.00000000,0.08558946,3.00000000,0.00000000,0.00000000,23.43581613
Earphone,11934,right,plane,8,0.12500000,0.62500000,0.04119602,0.00000000,0.08785329,4.00000000,0.00000000,0.00000000,26.47009958
Faucet,1507,main,manual,9,1.00000000,1.00000000,0.00000000,0.00000000,0.19837347,0.00000000,0.00000000,0.00000000,100.00000000
Faucet,1507,main,hedgehog_1d,9,0.11111111,0.22222222,0.18235244,0.00000000,0.06964323,6.00000000,0.00000000,0.00000000,9.88563352
Faucet,1507,main,hedgehog_3d,9,0.00000000,0.11111111,0.06091182,0.00000000,0.06408805,6.00000000,0.00000000,0.00000000,1.81053780
Faucet,1507,main,plane,9,0.00000000,0.11111111,0.02006528,0.00091041,0.35960884,2.00000000,0.00000000,9.00000000,2.82259726
Faucet,1507,up,manual,9,1.00000000,1.00000000,0.00000000,0.00000000,0.17874398,0.00000000,0.00000000,0.00000000,100.00000000
Faucet,1507,up,hedgehog_1d,9,0.11111111,0.22222222,0.46024468,0.00000000,0.05762419,8.00000000,0.00000000,0.00000000,2.93832740
Faucet,1507,up,hedgehog_3d,9,0.11111111,0.33333333,0.02180095,0.00000000,0.07265601,8.00000000,0.00000000,0.00000000,17.23275396
Faucet,1507,up,plane,9,0.11111111,0.22222222,0.07817277,0.00000000,0.05724708,7.00000000,0.00000000,0.00000000,12.49012510
Faucet,1507,down,manual,9,1.00000000,1.00000000,0.00000000,0.00000000,0.18663326,0.00000000,0.00000000,0.00000000,100.00000000
Faucet,1507,down,hedgehog_1d,9,0.11111111,0.22222222,0.18212211,0.00000000,0.07241120,6.00000000,0.00000000,0.00000000,9.89139174
Faucet,1507,down,hedgehog_3d,9,0.22222222,0.22222222,0.10935994,0.00000000,0.08355757,4.00000000,0.00000000,0.00000000,19.48822379
Faucet,1507,down,plane,9,0.00000000,0.22222222,0.09983177,0.00000000,0.07779449,4.00000000,0.00000000,0.00000000,4.17087243
Faucet,1507,left,manual,9,1.00000000,1.00000000,0.00914426,0.00000000,0.16729418,1.00000000,0.00000000,0.00000000,99.77139357
Faucet,1507,left,hedgehog_1d,9,0.00000000,0.22222222,0.26733473,0.00000000,0.07766396,7.00000000,0.00000000,0.00000000,-0.01670161
Faucet,1507,left,hedgehog_3d,9,0.00000000,0.33333333,0.05789623,0.00000000,0.08079770,5.00000000,0.00000000,0.00000000,8.55259431
Faucet,1507,left,plane,9,0.00000000,0.44444444,0.03824162,0.00000774,0.09744620,4.00000000,0.00000000,1.00000000,12.37721552
Faucet,1507,right,manual,9,1.00000000,1.00000000,0.02372718,0.00000000,0.15951224,0.00000000,0.00000000,0.00000000,99.40682043
Faucet,1507,right,hedgehog_1d,9,0.11111111,0.22222222,0.17017275,0.00000000,0.07346514,6.00000000,0.00000000,0.00000000,10.19012580
Faucet,1507,right,hedgehog_3d,9,0.00000000,0.33333333,0.02075193,0.00000000,0.07867621,6.00000000,0.00000000,0.00000000,9.48120175
Faucet,1507,right,plane,9,0.11111111,0.22222222,0.13447335,0.00000000,0.07602018,6.00000000,0.00000000,0.00000000,11.08261057
Faucet,1708,main,manual,9,1.00000000,1.00000000,0.00000000,0.00000000,0.21714598,0.00000000,0.00000000,0.00000000,100.00000000
Faucet,1708,main,hedgehog_1d,9,0.00000000,0.00000000,0.07020615,0.00000000,0.07073012,2.00000000,0.00000000,0.00000000,-1.75515375
Faucet,1708,main,hedgehog_3d,9,0.00000000,0.00000000,0.01105345,0.00000000,0.06971838,2.00000000,0.00000000,0.00000000,-0.27633625
Faucet,1708,main,plane,9,0.00000000,0.00000000,0.02072524,0.00000000,0.06891800,3.00000000,0.00000000,0.00000000,-0.51813099
Faucet,1708,up,manual,9,1.00000000,1.00000000,0.10687600,0.00000000,0.19830291,0.00000000,0.00000000,0.00000000,97.32809999
Faucet,1708,up,hedgehog_1d,9,0.11111111,0.11111111,0.06723628,0.00000000,0.08812568,3.00000000,0.00000000,0.00000000,9.43020421
Faucet,1708,up,hedgehog_3d,9,0.00000000,0.11111111,0.13039381,0.00000000,0.08138082,3.00000000,0.00000000,0.00000000,0.07348810
Faucet,1708,up,plane,9,0.00000000,0.11111111,0.02805198,0.00000000,0.20000004,4.00000000,0.00000000,0.00000000,2.63203392
Faucet,1708,down,manual,9,1.00000000,1.00000000,0.00000000,0.00000000,0.21014654,0.00000000,0.00000000,0.00000000,100.00000000
Faucet,1708,down,hedgehog_1d,9,0.00000000,0.00000000,0.14117196,0.00000000,0.06263649,4.00000000,0.00000000,0.00000000,-3.52929891
Faucet,1708,down,hedgehog_3d,9,0.00000000,0.11111111,0.05855229,0.00632977,0.14236863,2.00000000,0.00000000,2.00000000,1.80622839
Faucet,1708,down,plane,9,0.00000000,0.00000000,0.02528669,0.00000000,0.06307457,4.00000000,0.00000000,0.00000000,-0.63216714
Faucet,1708,left,manual,9,1.00000000,1.00000000,0.00000000,0.00000000,0.17417417,0.00000000,0.00000000,0.00000000,100.00000000
Faucet,1708,left,hedgehog_1d,9,0.00000000,0.11111111,0.10966372,0.00000000,0.05827227,2.00000000,0.00000000,0.00000000,0.59174030
Faucet,1708,left,hedgehog_3d,9,0.00000000,0.33333333,0.01158781,0.00000000,0.07252304,2.00000000,0.00000000,0.00000000,9.71030486
Faucet,1708,left,plane,9,0.11111111,0.33333333,0.01629009,0.00000000,0.07266195,2.00000000,0.00000000,0.00000000,17.37052558
Faucet,1708,right,manual,9,1.00000000,1.00000000,0.01010345,0.00000000,0.17868067,0.00000000,0.00000000,0.00000000,99.74741366
Faucet,1708,right,hedgehog_1d,9,0.00000000,0.11111111,0.16160664,0.00000000,0.07803959,4.00000000,0.00000000,0.00000000,-0.70683260
Faucet,1708,right,hedgehog_3d,9,0.00000000,0.11111111,0.01952873,0.00000000,0.07479121,4.00000000,0.00000000,0.00000000,2.84511502
Faucet,1708,right,plane,9,0.00000000,0.11111111,0.03301078,0.00000000,0.12619350,5.00000000,0.00000000,0.00000000,2.50806393
Faucet,1758,main,manual,8,1.00000000,1.00000000,0.03130137,0.00000000,0.20070853,0.00000000,0.00000000,0.00000000,99.21746575
Faucet,1758,main,hedgehog_1d,8,0.00000000,0.25000000,0.01587528,0.00000000,0.08988838,1.00000000,0.00000000,0.00000000,7.10311790
Faucet,1758,main,hedgehog_3d,8,0.00000000,0.25000000,0.01152676,0.00000000,0.09081056,0.00000000,0.00000000,0.00000000,7.21183100
Faucet,1758,main,plane,8,0.00000000,0.25000000,0.02026113,0.00000000,0.08924231,0.00000000,0.00000000,0.00000000,6.99347179
Faucet,1758,up,manual,8,1.00000000,1.00000000,0.00318654,0.00000000,0.19576862,0.00000000,0.00000000,0.00000000,99.92033641
Faucet,1758,up,hedgehog_1d,8,0.00000000,0.25000000,0.10046687,0.00000000,0.07860407,4.00000000,0.00000000,0.00000000,4.98832828
Faucet,1758,up,hedgehog_3d,8,0.00000000,0.12500000,0.02317484,0.00000000,0.08120526,2.00000000,0.00000000,0.00000000,3.17062897
Faucet,1758,up,plane,8,0.00000000,0.12500000,0.02975043,0.00000000,0.08042552,5.00000000,0.00000000,0.00000000,3.00623916
Faucet,1758,down,manual,8,1.00000000,1.00000000,0.11116487,0.00000000,0.18390890,0.00000000,0.00000000,0.00000000,97.22087820
Faucet,1758,down,hedgehog_1d,8,0.12500000,0.25000000,0.02225047,0.00000000,0.08130649,1.00000000,0.00000000,0.00000000,15.69373821
Faucet,1758,down,hedgehog_3d,8,0.12500000,0.12500000,0.01014946,0.00000000,0.08665012,1.00000000,0.00000000,0.00000000,12.24626342
Faucet,1758,down,plane,8,0.12500000,0.25000000,0.01595818,0.00000000,0.08085111,1.00000000,0.00000000,0.00000000,15.85104538
Faucet,1758,left,manual,8,1.00000000,1.00000000,0.02076683,0.00000000,0.17081746,0.00000000,0.00000000,0.00000000,99.48082920
Faucet,1758,left,hedgehog_1d,8,0.12500000,0.50000000,0.00967768,0.00000000,0.08493164,0.00000000,0.00000000,0.00000000,23.50805806
Faucet,1758,left,hedgehog_3d,8,0.25000000,0.37500000,0.03471754,0.00000000,0.08586447,1.00000000,0.00000000,0.00000000,27.88206138
Faucet,1758,left,plane,8,0.12500000,0.50000000,0.01320830,0.00000000,0.08449252,0.00000000,0.00000000,0.00000000,23.41979249
Faucet,1758,right,manual,8,1.00000000,1.00000000,0.00000000,0.00019145,0.17109200,0.00000000,0.00000000,1.00000000,99.99808550
Faucet,1758,right,hedgehog_1d,8,0.00000000,0.37500000,0.06972192,0.00000000,0.10139717,3.00000000,0.00000000,0.00000000,9.50695211
Faucet,1758,right,hedgehog_3d,8,0.00000000,0.25000000,0.01176693,0.00000000,0.10212559,2.00000000,0.00000000,0.00000000,7.20582677
Faucet,1758,right,plane,8,0.00000000,0.25000000,0.07485357,0.00000000,0.09853936,3.00000000,0.00000000,0.00000000,5.62866086
Faucet,1988,main,manual,9,1.00000000,1.00000000,0.00000000,0.00000000,0.16861920,0.00000000,0.00000000,0.00000000,100.00000000
Faucet,1988,main,hedgehog_1d,9,0.22222222,0.22222222,0.13618201,0.00000000,0.06358015,4.00000000,0.00000000,0.00000000,18.81767187
Faucet,1988,main,hedgehog_3d,9,0.22222222,0.22222222,0.04416123,0.00000000,0.05914667,4.00000000,0.00000000,0.00000000,21.11819153
Faucet,1988,main,plane,9,0.22222222,0.22222222,0.06571702,0.00000000,0.05879006,4.00000000,0.00000000,0.00000000,20.57929681
Faucet,1988,up,manual,9,1.00000000,1.00000000,0.03144141,0.00000000,0.15065402,0.00000000,0.00000000,0.00000000,99.21396463
Faucet,1988,up,hedgehog_1d,9,0.11111111,0.33333333,0.16111254,0.00000000,0.06511537,4.00000000,0.00000000,0.00000000,13.74996427
Faucet,1988,up,hedgehog_3d,9,0.11111111,0.22222222,0.02023862,0.00000000,0.07195620,4.00000000,0.00000000,0.00000000,13.93847899
Faucet,1988,up,plane,9,0.22222222,0.33333333,0.06643538,0.00240233,0.18538886,2.00000000,1.00000000,2.00000000,23.87064785
Faucet,1988,down,manual,9,1.00000000,1.00000000,0.01299383,0.00000000,0.16055458,0.00000000,0.00000000,0.00000000,99.67515436
Faucet,1988,down,hedgehog_1d,9,0.11111111,0.22222222,0.13325233,0.00000000,0.05474760,7.00000000,0.00000000,0.00000000,11.11313610
Faucet,1988,down,hedgehog_3d,9,0.22222222,0.22222222,0.07412286,0.00000000,0.05848750,6.00000000,0.00000000,0.00000000,20.36915075
Faucet,1988,down,plane,9,0.11111111,0.33333333,0.08087685,0.00001874,0.05903667,6.00000000,0.00000000,1.00000000,15.75566921
Faucet,1988,left,manual,9,1.00000000,1.00000000,0.00000000,0.00000000,0.14422467,0.00000000,0.00000000,0.00000000,100.00000000
Faucet,1988,left,hedgehog_1d,9,0.11111111,0.33333333,0.05297892,0.00000000,0.05958138,5.00000000,0.00000000,0.00000000,16.45330480
Faucet,1988,left,hedgehog_3d,9,0.22222222,0.22222222,0.00977487,0.00000000,0.06469128,2.00000000,0.00000000,0.00000000,21.97785039
Faucet,1988,left,plane,9,0.11111111,0.33333333,0.04684150,0.00000000,0.05835662,4.00000000,0.00000000,0.00000000,16.60674033
Faucet,1988,right,manual,9,1.00000000,1.00000000,0.02040683,0.00000000,0.14345106,0.00000000,0.00000000,0.00000000,99.48982934
Faucet,1988,right,hedgehog_1d,9,0.11111111,0.33333333,0.20814782,0.00000000,0.07894863,4.00000000,0.00000000,0.00000000,12.57408228
Faucet,1988,right,hedgehog_3d,9,0.11111111,0.22222222,0.07812226,0.00157629,0.20362298,3.00000000,0.00000000,4.00000000,12.47562500
Faucet,1988,right,plane,9,0.22222222,0.22222222,0.05479995,0.00000000,0.07379732,2.00000000,0.00000000,0.00000000,20.85222346
Faucet,370,main,manual,8,1.00000000,1.00000000,0.00000000,0.00000000,0.18937160,0.00000000,0.00000000,0.00000000,100.00000000
Faucet,370,main,hedgehog_1d,8,0.00000000,0.12500000,0.03969142,0.00000000,0.05842629,2.00000000,0.00000000,0.00000000,2.75771457
Faucet,370,main,hedgehog_3d,8,0.00000000,0.25000000,0.02136858,0.00000000,0.06646610,2.00000000,0.00000000,0.00000000,6.96578555
Faucet,370,main,plane,8,0.00000000,0.25000000,0.06835407,0.00000000,0.05773458,3.00000000,0.00000000,0.00000000,5.79114816
Faucet,370,up,manual,8,1.00000000,1.00000000,0.12500000,0.00000000,0.17008563,0.00000000,0.00000000,0.00000000,96.87500000
Faucet,370,up,hedgehog_1d,8,0.00000000,0.37500000,0.08696089,0.00000000,0.06775687,4.00000000,0.00000000,0.00000000,9.07597770
Faucet,370,up,hedgehog_3d,8,0.00000000,0.37500000,0.02620550,0.00000000,0.06304029,5.00000000,0.00000000,0.00000000,10.59486256
Faucet,370,up,plane,8,0.00000000,0.25000000,0.06780180,0.00000000,0.06292476,5.00000000,0.00000000,0.00000000,5.80495494
Faucet,370,down,manual,8,1.00000000,1.00000000,0.00000000,0.00000000,0.18703196,0.00000000,0.00000000,0.00000000,100.00000000
Faucet,370,down,hedgehog_1d,8,0.00000000,0.12500000,0.06812967,0.00000000,0.05802560,3.00000000,0.00000000,0.00000000,2.04675831
Faucet,370,down,hedgehog_3d,8,0.00000000,0.12500000,0.01317686,0.00000000,0.05749691,5.00000000,0.00000000,0.00000000,3.42057855
Faucet,370,down,plane,8,0.00000000,0.25000000,0.02489298,0.00000000,0.05531559,3.00000000,0.00000000,0.00000000,6.87767541
Faucet,370,left,manual,8,1.00000000,1.00000000,0.00000000,0.00000000,0.15848189,0.00000000,0.00000000,0.00000000,100.00000000
Faucet,370,left,hedgehog_1d,8,0.00000000,0.37500000,0.03413247,0.00000000,0.05894912,2.00000000,0.00000000,0.00000000,10.39668823
Faucet,370,left,hedgehog_3d,8,0.00000000,0.62500000,0.02111028,0.00000000,0.06710075,2.00000000,0.00000000,0.00000000,18.22224294
Faucet,370,left,plane,8,0.00000000,0.62500000,0.01951948,0.00000000,0.05945462,1.00000000,0.00000000,0.00000000,18.26201305
Faucet,370,right,manual,8,1.00000000,1.00000000,0.01567579,0.00000000,0.15132657,0.00000000,0.00000000,0.00000000,99.60810517
Faucet,370,right,hedgehog_1d,8,0.00000000,0.25000000,0.21754251,0.00000000,0.05491205,4.00000000,0.00000000,0.00000000,2.06143735
Faucet,370,right,hedgehog_3d,8,0.12500000,0.37500000,0.04689382,0.00000000,0.06953362,2.00000000,0.00000000,0.00000000,18.82765452
Faucet,370,right,plane,8,0.00000000,0.50000000,0.11430763,0.00000000,0.06198507,5.00000000,0.00000000,0.00000000,12.14230929
Lamp,14912,main,manual,9,1.00000000,1.00000000,0.00000000,0.00000000,0.18697990,0.00000000,0.00000000,0.00000000,100.00000000
Lamp,14912,main,hedgehog_1d,9,0.00000000,0.44444444,0.06070526,0.00000000,0.07040348,2.00000000,0.00000000,0.00000000,11.81570175
Lamp,14912,main,hedgehog_3d,9,0.00000000,0.33333333,0.01440529,0.00000000,0.06645678,1.00000000,0.00000000,0.00000000,9.63986781
Lamp,14912,main,plane,9,0.00000000,0.44444444,0.01614224,0.00000000,0.06619928,2.00000000,0.00000000,0.00000000,12.92977735
Lamp,14912,up,manual,9,1.00000000,1.00000000,0.00000000,0.00000000,0.16357794,0.00000000,0.00000000,0.00000000,100.00000000
Lamp,14912,up,hedgehog_1d,9,0.00000000,0.44444444,0.06804714,0.00000000,0.05959463,4.00000000,0.00000000,0.00000000,11.63215487
Lamp,14912,up,hedgehog_3d,9,0.00000000,0.33333333,0.00623591,0.00027479,0.12186724,2.00000000,0.00000000,1.00000000,9.84135436
Lamp,14912,up,plane,9,0.11111111,0.44444444,0.02296584,0.00000000,0.05667609,3.00000000,0.00000000,0.00000000,20.53696511
Lamp,14912,down,manual,9,1.00000000,1.00000000,0.00000000,0.00008627,0.17452422,0.00000000,0.00000000,1.00000000,99.99913728
Lamp,14912,down,hedgehog_1d,9,0.22222222,0.33333333,0.02434623,0.00000000,0.06647037,4.00000000,0.00000000,0.00000000,24.94689982
Lamp,14912,down,hedgehog_3d,9,0.00000000,0.22222222,0.00944902,0.00000000,0.07291021,2.00000000,0.00000000,0.00000000,6.43044127
Lamp,14912,down,plane,9,0.22222222,0.55555556,0.02228951,0.00000000,0.05936509,3.00000000,0.00000000,0.00000000,31.66498447
Lamp,14912,left,manual,9,1.00000000,1.00000000,0.11638000,0.02563378,0.15355164,0.00000000,0.00000000,1.00000000,96.83416210
Lamp,14912,left,hedgehog_1d,9,0.11111111,0.44444444,0.02848430,0.00000000,0.07570648,3.00000000,0.00000000,0.00000000,20.39900370
Lamp,14912,left,hedgehog_3d,9,0.11111111,0.55555556,0.01161927,0.00000000,0.08507246,3.00000000,0.00000000,0.00000000,24.15396264
Lamp,14912,left,plane,9,0.11111111,0.55555556,0.02003073,0.00000000,0.07451761,2.00000000,0.00000000,0.00000000,23.94367626
Lamp,14912,right,manual,9,1.00000000,1.00000000,0.00000000,0.00000000,0.15956966,0.00000000,0.00000000,0.00000000,100.00000000
Lamp,14912,right,hedgehog_1d,9,0.22222222,0.55555556,0.01948668,0.00000000,0.07083993,2.00000000,0.00000000,0.00000000,31.73505515
Lamp,14912,right,hedgehog_3d,9,0.11111111,0.66666667,0.01737322,0.00000000,0.06963395,2.00000000,0.00000000,0.00000000,27.34344719
Lamp,14912,right,plane,9,0.11111111,0.66666667,0.01675679,0.00000000,0.07462456,2.00000000,0.00000000,0.00000000,27.35885804
Lamp,16297,main,manual,9,1.00000000,1.00000000,0.00000000,0.00000000,0.20422903,0.00000000,0.00000000,0.00000000,100.00000000
Lamp,16297,main,hedgehog_1d,9,0.00000000,0.22222222,0.06239738,0.00000000,0.07326551,4.00000000,0.00000000,0.00000000,5.10673226
Lamp,16297,main,hedgehog_3d,9,0.00000000,0.11111111,0.02713163,0.00000000,0.06977059,2.00000000,0.00000000,0.00000000,2.65504263
Lamp,16297,main,plane,9,0.00000000,0.00000000,0.06112620,0.00000000,0.07361028,3.00000000,0.00000000,0.00000000,-1.52815508
Lamp,16297,up,manual,9,1.00000000,1.00000000,0.01744788,0.00380657,0.18078841,0.00000000,0.00000000,2.00000000,99.52573731
Lamp,16297,up,hedgehog_1d,9,0.11111111,0.22222222,0.10954219,0.00000000,0.09099609,5.00000000,0.00000000,0.00000000,11.70588972
Lamp,16297,up,hedgehog_3d,9,0.11111111,0.11111111,0.00911452,0.00010892,0.16773364,1.00000000,0.00000000,1.00000000,10.88215905
Lamp,16297,up,plane,9,0.22222222,0.22222222,0.05191009,0.00000000,0.08747511,3.00000000,0.00000000,0.00000000,20.92446997
Lamp,16297,down,manual,9,1.00000000,1.00000000,0.00000000,0.00031698,0.18176240,0.00000000,0.00000000,1.00000000,99.99683025
Lamp,16297,down,hedgehog_1d,9,0.00000000,0.44444444,0.30150704,0.00000000,0.06435914,5.00000000,0.00000000,0.00000000,5.79565733
Lamp,16297,down,hedgehog_3d,9,0.11111111,0.33333333,0.02475020,0.00000000,0.09836416,1.00000000,0.00000000,0.00000000,17.15902289
Lamp,16297,down,plane,9,0.00000000,0.44444444,0.01575331,0.00000000,0.08620403,1.00000000,0.00000000,0.00000000,12.93950058
Lamp,16297,left,manual,9,1.00000000,1.00000000,0.00000000,0.00224957,0.17394406,0.00000000,0.00000000,1.00000000,99.97750433
Lamp,16297,left,hedgehog_1d,9,0.11111111,0.22222222,0.08174484,0.00000000,0.06680690,5.00000000,0.00000000,0.00000000,12.40082336
Lamp,16297,left,hedgehog_3d,9,0.00000000,0.11111111,0.04326115,0.00176223,0.23134938,1.00000000,0.00000000,4.00000000,2.23418241
Lamp,16297,left,plane,9,0.11111111,0.11111111,0.06713728,0.02486434,0.44247668,1.00000000,0.00000000,12.00000000,9.18403561
Lamp,16297,right,manual,9,1.00000000,1.00000000,0.01628663,0.00526018,0.17082384,0.00000000,0.00000000,1.00000000,99.54023255
Lamp,16297,right,hedgehog_1d,9,0.00000000,0.22222222,0.04175765,0.00000000,0.07429524,4.00000000,0.00000000,0.00000000,5.62272532
Lamp,16297,right,hedgehog_3d,9,0.00000000,0.22222222,0.03048287,0.00000000,0.08225995,3.00000000,0.00000000,0.00000000,5.90459495
Lamp,16297,right,plane,9,0.00000000,0.22222222,0.04238521,0.00000000,0.07733024,3.00000000,0.00000000,0.00000000,5.60703634
Lamp,16499,main,manual,9,1.00000000,1.00000000,0.00000000,0.00000000,0.18512549,0.00000000,0.00000000,0.00000000,100.00000000
Lamp,16499,main,hedgehog_1d,9,0.22222222,0.22222222,0.04282968,0.00000000,0.06180531,3.00000000,0.00000000,0.00000000,21.15148017
Lamp,16499,main,hedgehog_3d,9,0.11111111,0.22222222,0.01937269,0.00000000,0.06521592,3.00000000,0.00000000,0.00000000,13.96012709
Lamp,16499,main,plane,9,0.11111111,0.22222222,0.03950669,0.00000000,0.06448903,3.00000000,0.00000000,0.00000000,13.45677731
Lamp,16499,up,manual,9,1.00000000,1.00000000,0.00000000,0.00018698,0.17552738,0.00000000,0.00000000,2.00000000,99.99813024
Lamp,16499,up,hedgehog_1d,9,0.11111111,0.33333333,0.24468658,0.00000000,0.05532616,4.00000000,0.00000000,0.00000000,11.66061320
Lamp,16499,up,hedgehog_3d,9,0.11111111,0.33333333,0.03174325,0.00000000,0.07036534,4.00000000,0.00000000,0.00000000,16.98419645
Lamp,16499,up,plane,9,0.11111111,0.22222222,0.04633169,0.00000000,0.06080027,4.00000000,0.00000000,0.00000000,13.28615221
Lamp,16499,down,manual,9,1.00000000,1.00000000,0.00000000,0.00000000,0.17249901,0.00000000,0.00000000,0.00000000,100.00000000
Lamp,16499,down,hedgehog_1d,9,0.22222222,0.22222222,0.08847306,0.00000000,0.05947371,6.00000000,0.00000000,0.00000000,20.01039572
Lamp,16499,down,hedgehog_3d,9,0.00000000,0.22222222,0.03962770,0.00000000,0.05807297,4.00000000,0.00000000,0.00000000,5.67597412
Lamp,16499,down,plane,9,0.00000000,0.22222222,0.02719604,0.00000000,0.05446152,4.00000000,0.00000000,0.00000000,5.98676570
Lamp,16499,left,manual,9,1.00000000,1.00000000,0.01850073,0.00000000,0.14103981,0.00000000,0.00000000,0.00000000,99.53748163
Lamp,16499,left,hedgehog_1d,9,0.11111111,0.33333333,0.13984826,0.00000000,0.07056562,7.00000000,0.00000000,0.00000000,14.28157132
Lamp,16499,left,hedgehog_3d,9,0.11111111,0.44444444,0.02930138,0.00000000,0.06494608,5.00000000,0.00000000,0.00000000,20.37857660
Lamp,16499,left,plane,9,0.11111111,0.55555556,0.05761777,0.00000000,0.06729555,5.00000000,0.00000000,0.00000000,23.00400031
Lamp,16499,right,manual,9,1.00000000,1.00000000,0.00885955,0.00000000,0.15061516,0.00000000,0.00000000,0.00000000,99.77851120
Lamp,16499,right,hedgehog_1d,9,0.11111111,0.44444444,0.04011357,0.00000000,0.07122162,3.00000000,0.00000000,0.00000000,20.10827178
Lamp,16499,right,hedgehog_3d,9,0.11111111,0.55555556,0.03156100,0.00000000,0.07471081,4.00000000,0.00000000,0.00000000,23.65541939
Lamp,16499,right,plane,9,0.22222222,0.55555556,0.04558567,0.00000000,0.07664226,4.00000000,0.00000000,0.00000000,31.08258045
Lamp,16598,main,manual,9,1.00000000,1.00000000,0.00000000,0.00000000,0.19951875,0.00000000,0.00000000,0.00000000,100.00000000
Lamp,16598,main,hedgehog_1d,9,0.00000000,0.11111111,0.24630192,0.00000000,0.09328553,7.00000000,1.00000000,0.00000000,-2.82421461
Lamp,16598,main,hedgehog_3d,9,0.00000000,0.22222222,0.03257870,0.00000000,0.10596121,5.00000000,0.00000000,0.00000000,5.85219925
Lamp,16598,main,plane,9,0.00000000,0.33333333,0.06127610,0.00000000,0.08308617,7.00000000,0.00000000,0.00000000,8.46809751
Lamp,16598,up,manual,9,1.00000000,1.00000000,0.00000000,0.00000000,0.19506264,0.00000000,0.00000000,0.00000000,100.00000000
Lamp,16598,up,hedgehog_1d,9,0.00000000,0.11111111,0.28444909,0.00000000,0.06597281,9.00000000,0.00000000,0.00000000,-3.77789390
Lamp,16598,up,hedgehog_3d,9,0.00000000,0.33333333,0.01418998,0.00000000,0.08705002,6.00000000,0.00000000,0.00000000,9.64525045
Lamp,16598,up,plane,9,0.00000000,0.22222222,0.04766453,0.00000000,0.07596590,6.00000000,0.00000000,0.00000000,5.47505338
Lamp,16598,down,manual,9,1.00000000,1.00000000,0.00000000,0.00025516,0.19165370,0.00000000,0.00000000,1.00000000,99.99744844
Lamp,16598,down,hedgehog_1d,9,0.00000000,0.22222222,0.24370160,0.00000000,0.09050086,8.00000000,0.00000000,0.00000000,0.57412672
Lamp,16598,down,hedgehog_3d,9,0.00000000,0.44444444,0.05530007,0.00000000,0.09005146,6.00000000,0.00000000,0.00000000,11.95083157
Lamp,16598,down,plane,9,0.11111111,0.44444444,0.09539123,0.00000000,0.08279397,7.00000000,0.00000000,0.00000000,18.72633036
Lamp,16598,left,manual,9,1.00000000,1.00000000,0.01578444,0.00000000,0.16704204,0.00000000,0.00000000,0.00000000,99.60538888
Lamp,16598,left,hedgehog_1d,9,0.11111111,0.44444444,0.20769669,0.00000000,0.09183160,6.00000000,0.00000000,0.00000000,15.91869387
Lamp,16598,left,hedgehog_3d,9,0.00000000,0.44444444,0.04887687,0.00247908,0.17831654,5.00000000,0.00000000,1.00000000,12.08662073
Lamp,16598,left,plane,9,0.11111111,0.55555556,0.05151170,0.00000000,0.08406751,6.00000000,0.00000000,0.00000000,23.15665184
Lamp,16598,right,manual,9,1.00000000,1.00000000,0.06393431,0.00018373,0.14787312,0.00000000,0.00000000,1.00000000,98.39980502
Lamp,16598,right,hedgehog_1d,9,0.11111111,0.22222222,0.29890065,0.00000000,0.09549732,7.00000000,0.00000000,0.00000000,6.97192831
Lamp,16598,right,hedgehog_3d,9,0.00000000,0.55555556,0.08678746,0.00287350,0.17044386,5.00000000,0.00000000,1.00000000,14.46824527
Lamp,16598,right,plane,9,0.11111111,0.66666667,0.06947570,0.00000000,0.08166334,8.00000000,0.00000000,0.00000000,26.04088525
Lamp,17343,main,manual,9,1.00000000,1.00000000,0.00000000,0.00000000,0.15048243,0.00000000,0.00000000,0.00000000,100.00000000
Lamp,17343,main,hedgehog_1d,9,0.11111111,0.44444444,0.04473204,0.00000000,0.05264580,4.00000000,1.00000000,0.00000000,19.99281000
Lamp,17343,main,hedgehog_3d,9,0.11111111,0.44444444,0.01819678,0.00000000,0.05610521,6.00000000,0.00000000,0.00000000,20.65619150
Lamp,17343,main,plane,9,0.00000000,0.55555556,0.10645090,0.00000000,0.06125084,4.00000000,0.00000000,0.00000000,14.00539412
Lamp,17343,up,manual,9,1.00000000,1.00000000,0.05477518,0.00000000,0.14450621,0.00000000,0.00000000,0.00000000,98.63062042
Lamp,17343,up,hedgehog_1d,9,0.22222222,0.55555556,0.25364029,0.00000000,0.06985021,2.00000000,1.00000000,0.00000000,25.88121494
Lamp,17343,up,hedgehog_3d,9,0.11111111,0.55555556,0.17938392,0.00000000,0.07709648,2.00000000,0.00000000,0.00000000,19.95984636
Lamp,17343,up,plane,9,0.22222222,0.44444444,0.01975922,0.00000000,0.09158045,2.00000000,0.00000000,0.00000000,28.39490831
Lamp,17343,down,manual,9,1.00000000,1.00000000,0.00000000,0.00000000,0.14382856,0.00000000,0.00000000,0.00000000,100.00000000
Lamp,17343,down,hedgehog_1d,9,0.00000000,0.55555556,0.05033687,0.00000000,0.05098538,6.00000000,1.00000000,0.00000000,15.40824492
Lamp,17343,down,hedgehog_3d,9,0.00000000,0.55555556,0.02222122,0.00000000,0.03828015,5.00000000,0.00000000,0.00000000,16.11113611
Lamp,17343,down,plane,9,0.22222222,0.55555556,0.01510794,0.00000000,0.03946375,4.00000000,0.00000000,0.00000000,31.84452371
Lamp,17343,left,manual,9,1.00000000,1.00000000,0.09634698,0.00000000,0.12849493,1.00000000,0.00000000,0.00000000,97.59132555
Lamp,17343,left,hedgehog_1d,9,0.11111111,0.55555556,0.09277683,0.00000000,0.05953530,7.00000000,1.00000000,0.00000000,22.12502371
Lamp,17343,left,hedgehog_3d,9,0.22222222,0.55555556,0.05947286,0.00000000,0.06383943,8.00000000,0.00000000,0.00000000,30.73540066
Lamp,17343,left,plane,9,0.11111111,0.33333333,0.14495203,0.01192701,0.07883545,4.00000000,0.00000000,1.00000000,14.03470701
Lamp,17343,right,manual,9,1.00000000,1.00000000,0.00111867,0.00000000,0.10502474,0.00000000,0.00000000,0.00000000,99.97203330
Lamp,17343,right,hedgehog_1d,9,0.00000000,0.66666667,0.11413332,0.00000000,0.03464834,4.00000000,1.00000000,0.00000000,17.14666706
Lamp,17343,right,hedgehog_3d,9,0.11111111,0.77777778,0.00596017,0.00000000,0.03544044,3.00000000,0.00000000,0.00000000,30.96210697
Lamp,17343,right,plane,9,0.00000000,0.66666667,0.01192995,0.00000000,0.03535579,3.00000000,0.00000000,0.00000000,19.70175118
Laptop,10203,main,manual,5,1.00000000,1.00000000,0.00000000,0.00000000,0.20278649,0.00000000,0.00000000,0.00000000,100.00000000
Laptop,10203,main,hedgehog_1d,5,0.00000000,0.20000000,0.01376578,0.00000000,0.07836276,1.00000000,0.00000000,0.00000000,5.65585550
Laptop,10203,main,hedgehog_3d,5,0.00000000,0.40000000,0.00699227,0.00000000,0.07607963,0.00000000,0.00000000,0.00000000,11.82519322
Laptop,10203,main,plane,5,0.00000000,0.40000000,0.01703745,0.00000000,0.07667407,0.00000000,0.00000000,0.00000000,11.57406380
Laptop,10203,up,manual,5,1.00000000,1.00000000,0.06829977,0.00000000,0.17065901,0.00000000,0.00000000,0.00000000,98.29250568
Laptop,10203,up,hedgehog_1d,5,0.00000000,0.40000000,0.00976702,0.00000000,0.08574613,0.00000000,0.00000000,0.00000000,11.75582451
Laptop,10203,up,hedgehog_3d,5,0.00000000,0.40000000,0.01129540,0.00000000,0.09711037,0.00000000,0.00000000,0.00000000,11.71761489
Laptop,10203,up,plane,5,0.00000000,0.40000000,0.01571018,0.00000000,0.08609918,0.00000000,0.00000000,0.00000000,11.60724559
Laptop,10203,down,manual,5,1.00000000,1.00000000,0.00000000,0.00000000,0.16963148,0.00000000,0.00000000,0.00000000,100.00000000
Laptop,10203,down,hedgehog_1d,5,0.00000000,0.20000000,0.01365324,0.00000000,0.05527759,2.00000000,0.00000000,0.00000000,5.65866906
Laptop,10203,down,hedgehog_3d,5,0.00000000,0.20000000,0.00830190,0.00000000,0.06231618,2.00000000,0.00000000,0.00000000,5.79245240
Laptop,10203,down,plane,5,0.00000000,0.20000000,0.01442162,0.00000000,0.05891591,2.00000000,0.00000000,0.00000000,5.63945942
Laptop,10203,left,manual,5,1.00000000,1.00000000,0.00000000,0.00000000,0.18651231,0.00000000,0.00000000,0.00000000,100.00000000
Laptop,10203,left,hedgehog_1d,5,0.20000000,0.40000000,0.03000256,0.00000000,0.09465221,2.00000000,0.00000000,0.00000000,25.24993594
Laptop,10203,left,hedgehog_3d,5,0.40000000,0.40000000,0.00713961,0.00000000,0.08720592,1.00000000,0.00000000,0.00000000,39.82150981
Laptop,10203,left,plane,5,0.40000000,0.40000000,0.02840847,0.00000000,0.08899599,2.00000000,0.00000000,0.00000000,39.28978813
Laptop,10203,right,manual,5,1.00000000,1.00000000,0.06241416,0.00000000,0.17369806,0.00000000,0.00000000,0.00000000,98.43964595
Laptop,10203,right,hedgehog_1d,5,0.20000000,0.20000000,0.02737272,0.00000000,0.08150692,1.00000000,0.00000000,0.00000000,19.31568192
Laptop,10203,right,hedgehog_3d,5,0.20000000,0.40000000,0.01024874,0.00000000,0.07882134,1.00000000,0.00000000,0.00000000,25.74378153
Laptop,10203,right,plane,5,0.20000000,0.40000000,0.01852786,0.00000000,0.08366762,0.00000000,0.00000000,0.00000000,25.53680340
Laptop,10285,main,manual,5,1.00000000,1.00000000,0.00000000,0.00000000,0.17907733,0.00000000,0.00000000,0.00000000,100.00000000
Laptop,10285,main,hedgehog_1d,5,0.00000000,0.00000000,0.02462453,0.00000000,0.09197243,1.00000000,0.00000000,0.00000000,-0.61561320
Laptop,10285,main,hedgehog_3d,5,0.00000000,0.20000000,0.01303145,0.00000000,0.09447597,1.00000000,0.00000000,0.00000000,5.67421380
Laptop,10285,main,plane,5,0.00000000,0.20000000,0.03332186,0.00000000,0.09093486,1.00000000,0.00000000,0.00000000,5.16695349
Laptop,10285,up,manual,5,1.00000000,1.00000000,0.16838726,0.00149779,0.15186917,0.00000000,0.00000000,1.00000000,95.77534047
Laptop,10285,up,hedgehog_1d,5,0.20000000,0.40000000,0.20737013,0.00000000,0.07550541,0.00000000,0.00000000,0.00000000,20.81574676
Laptop,10285,up,hedgehog_3d,5,0.20000000,0.40000000,0.18832798,0.00000000,0.08861668,1.00000000,0.00000000,0.00000000,21.29180039
Laptop,10285,up,plane,5,0.20000000,0.40000000,0.01698038,0.00000000,0.09670048,0.00000000,0.00000000,0.00000000,25.57549039
Laptop,10285,down,manual,5,1.00000000,1.00000000,0.00000000,0.00000000,0.16824152,0.00000000,0.00000000,0.00000000,100.00000000
Laptop,10285,down,hedgehog_1d,5,0.00000000,0.00000000,0.04246891,0.00000000,0.07285456,3.00000000,0.00000000,0.00000000,-1.06172285
Laptop,10285,down,hedgehog_3d,5,0.00000000,0.00000000,0.01387196,0.00000000,0.08105436,2.00000000,0.00000000,0.00000000,-0.34679910
Laptop,10285,down,plane,5,0.00000000,0.00000000,0.02044926,0.00000000,0.07798982,2.00000000,0.00000000,0.00000000,-0.51123162
Laptop,10285,left,manual,5,1.00000000,1.00000000,0.00000000,0.00000000,0.15602598,0.00000000,0.00000000,0.00000000,100.00000000
Laptop,10285,left,hedgehog_1d,5,0.00000000,0.60000000,0.08710131,0.00000000,0.09606570,2.00000000,0.00000000,0.00000000,15.82246722
Laptop,10285,left,hedgehog_3d,5,0.00000000,0.60000000,0.02756421,0.00000000,0.10771509,2.00000000,0.00000000,0.00000000,17.31089470
Laptop,10285,left,plane,5,0.20000000,0.60000000,0.05843019,0.00000000,0.08987980,1.00000000,0.00000000,0.00000000,30.53924523
Laptop,10285,right,manual,5,1.00000000,1.00000000,0.00000000,0.00000000,0.15269807,0.00000000,0.00000000,0.00000000,100.00000000
Laptop,10285,right,hedgehog_1d,5,0.00000000,0.20000000,0.03825912,0.00000000,0.08561393,1.00000000,0.00000000,0.00000000,5.04352192
Laptop,10285,right,hedgehog_3d,5,0.00000000,0.20000000,0.00871883,0.00000000,0.08501616,1.00000000,0.00000000,0.00000000,5.78202923
Laptop,10285,right,plane,5,0.00000000,0.20000000,0.02482759,0.00000000,0.08570677,1.00000000,0.00000000,0.00000000,5.37931028
Laptop,10302,main,manual,5,1.00000000,1.00000000,0.00000000,0.00132829,0.24443236,0.00000000,0.00000000,1.00000000,99.98671714
Laptop,10302,main,hedgehog_1d,5,0.00000000,0.00000000,0.02071927,0.00000000,0.08032715,1.00000000,0.00000000,0.00000000,-0.51798183
Laptop,10302,main,hedgehog_3d,5,0.00000000,0.00000000,0.01125156,0.00000000,0.08007700,0.00000000,0.00000000,0.00000000,-0.28128889
Laptop,10302,main,plane,5,0.00000000,0.00000000,0.02123121,0.00000000,0.08147438,0.00000000,0.00000000,0.00000000,-0.53078024
Laptop,10302,up,manual,5,1.00000000,1.00000000,0.00000000,0.00127318,0.22792599,0.00000000,0.00000000,1.00000000,99.98726819
Laptop,10302,up,hedgehog_1d,5,0.00000000,0.00000000,0.00996501,0.00000000,0.08748605,0.00000000,0.00000000,0.00000000,-0.24912516
Laptop,10302,up,hedgehog_3d,5,0.00000000,0.00000000,0.01056472,0.00000000,0.09335357,0.00000000,0.00000000,0.00000000,-0.26411801
Laptop,10302,up,plane,5,0.00000000,0.00000000,0.01508386,0.00000000,0.08979593,0.00000000,0.00000000,0.00000000,-0.37709638
Laptop,10302,down,manual,5,1.00000000,1.00000000,0.00000000,0.00438512,0.21737554,0.00000000,0.00000000,1.00000000,99.95614878
Laptop,10302,down,hedgehog_1d,5,0.00000000,0.00000000,0.02601477,0.00000000,0.05920724,2.00000000,0.00000000,0.00000000,-0.65036915
Laptop,10302,down,hedgehog_3d,5,0.00000000,0.00000000,0.01996514,0.00000000,0.06212798,2.00000000,0.00000000,0.00000000,-0.49912859
Laptop,10302,down,plane,5,0.00000000,0.00000000,0.01940008,0.00000000,0.06473815,2.00000000,0.00000000,0.00000000,-0.48500200
Laptop,10302,left,manual,5,1.00000000,1.00000000,0.00000000,0.00075384,0.22108768,0.00000000,0.00000000,1.00000000,99.99246162
Laptop,10302,left,hedgehog_1d,5,0.00000000,0.00000000,0.02128598,0.00000000,0.09267782,1.00000000,0.00000000,0.00000000,-0.53214954
Laptop,10302,left,hedgehog_3d,5,0.00000000,0.00000000,0.02530016,0.00000000,0.08925655,1.00000000,0.00000000,0.00000000,-0.63250399
Laptop,10302,left,plane,5,0.00000000,0.00000000,0.01676695,0.00000000,0.08942184,1.00000000,0.00000000,0.00000000,-0.41917380
Laptop,10302,right,manual,5,1.00000000,1.00000000,0.00000000,0.00307295,0.19133799,0.00000000,0.00000000,1.00000000,99.96927052
Laptop,10302,right,hedgehog_1d,5,0.00000000,0.00000000,0.08748768,0.00000000,0.08174822,2.00000000,0.00000000,0.00000000,-2.18719191
Laptop,10302,right,hedgehog_3d,5,0.00000000,0.00000000,0.00789357,0.00000000,0.07729274,1.00000000,0.00000000,0.00000000,-0.19733935
Laptop,10302,right,plane,5,0.00000000,0.00000000,0.02533279,0.00000000,0.07938059,2.00000000,0.00000000,0.00000000,-0.63331968
Laptop,11075,main,manual,5,1.00000000,1.00000000,0.00000000,0.00000000,0.18539986,0.00000000,0.00000000,0.00000000,100.00000000
Laptop,11075,main,hedgehog_1d,5,0.00000000,0.20000000,0.03917082,0.00000000,0.07684518,1.00000000,0.00000000,0.00000000,5.02072952
Laptop,11075,main,hedgehog_3d,5,0.00000000,0.00000000,0.01589529,0.00000000,0.07790815,2.00000000,0.00000000,0.00000000,-0.39738219
Laptop,11075,main,plane,5,0.00000000,0.40000000,0.02010283,0.00000000,0.08041871,2.00000000,0.00000000,0.00000000,11.49742928
Laptop,11075,up,manual,5,1.00000000,1.00000000,0.01094172,0.00000000,0.15865774,0.00000000,0.00000000,0.00000000,99.72645693
Laptop,11075,up,hedgehog_1d,5,0.20000000,0.20000000,0.00997865,0.00000000,0.08761345,0.00000000,0.00000000,0.00000000,19.75053363
Laptop,11075,up,hedgehog_3d,5,0.20000000,0.20000000,0.01003328,0.00000000,0.08790990,0.00000000,0.00000000,0.00000000,19.74916793
Laptop,11075,up,plane,5,0.20000000,0.20000000,0.02193502,0.00000000,0.09003065,0.00000000,0.00000000,0.00000000,19.45162449
Laptop,11075,down,manual,5,1.00000000,1.00000000,0.00000000,0.00000000,0.16790118,0.00000000,0.00000000,0.00000000,100.00000000
Laptop,11075,down,hedgehog_1d,5,0.00000000,0.20000000,0.20747390,0.00000000,0.06881943,3.00000000,0.00000000,0.00000000,0.81315240
Laptop,11075,down,hedgehog_3d,5,0.00000000,0.20000000,0.01557919,0.00000000,0.06882468,3.00000000,0.00000000,0.00000000,5.61052029
Laptop,11075,down,plane,5,0.00000000,0.20000000,0.01846123,0.00000000,0.06717728,2.00000000,0.00000000,0.00000000,5.53846933
Laptop,11075,left,manual,5,1.00000000,1.00000000,0.00000000,0.00000000,0.16476708,0.00000000,0.00000000,0.00000000,100.00000000
Laptop,11075,left,hedgehog_1d,5,0.20000000,0.20000000,0.03242792,0.00000000,0.08105502,3.00000000,0.00000000,0.00000000,19.18930209
Laptop,11075,left,hedgehog_3d,5,0.20000000,0.20000000,0.01493399,0.00000000,0.08410448,2.00000000,0.00000000,0.00000000,19.62665026
Laptop,11075,left,plane,5,0.20000000,0.20000000,0.02953680,0.00000000,0.08860146,1.00000000,0.00000000,0.00000000,19.26158005
Laptop,11075,right,manual,5,1.00000000,1.00000000,0.03273937,0.00000000,0.15607345,0.00000000,0.00000000,0.00000000,99.18151577
Laptop,11075,right,hedgehog_1d,5,0.20000000,0.60000000,0.06785682,0.00000000,0.08448453,2.00000000,0.00000000,0.00000000,30.30357944
Laptop,11075,right,hedgehog_3d,5,0.20000000,0.60000000,0.01110941,0.00000000,0.07976120,2.00000000,0.00000000,0.00000000,31.72226468
Laptop,11075,right,plane,5,0.00000000,0.60000000,0.02591262,0.00000000,0.07719677,2.00000000,0.00000000,0.00000000,17.35218449
Laptop,9878,main,manual,5,1.00000000,1.00000000,0.00000000,0.00000000,0.20702232,0.00000000,0.00000000,0.00000000,100.00000000
Laptop,9878,main,hedgehog_1d,5,0.00000000,0.00000000,0.09964518,0.00000000,0.06136106,2.00000000,0.00000000,0.00000000,-2.49112955
Laptop,9878,main,hedgehog_3d,5,0.00000000,0.20000000,0.00521549,0.00000000,0.06696666,1.00000000,1.00000000,0.00000000,5.86961270
Laptop,9878,main,plane,5,0.00000000,0.00000000,0.02172106,0.00000000,0.05971210,2.00000000,0.00000000,0.00000000,-0.54302645
Laptop,9878,up,manual,5,1.00000000,1.00000000,0.00000000,0.00000000,0.19551247,0.00000000,0.00000000,0.00000000,100.00000000
Laptop,9878,up,hedgehog_1d,5,0.00000000,0.20000000,0.11838089,0.00000000,0.08005362,2.00000000,0.00000000,0.00000000,3.04047775
Laptop,9878,up,hedgehog_3d,5,0.00000000,0.20000000,0.01038412,0.00000000,0.08016381,1.00000000,0.00000000,0.00000000,5.74039690
Laptop,9878,up,plane,5,0.20000000,0.20000000,0.01848288,0.00000000,0.07627702,1.00000000,0.00000000,0.00000000,19.53792802
Laptop,9878,down,manual,5,1.00000000,1.00000000,0.00000000,0.00000000,0.18844075,0.00000000,0.00000000,0.00000000,100.00000000
Laptop,9878,down,hedgehog_1d,5,0.00000000,0.00000000,0.02801309,0.00000000,0.04773293,1.00000000,0.00000000,0.00000000,-0.70032730
Laptop,9878,down,hedgehog_3d,5,0.00000000,0.20000000,0.01018087,0.00000000,0.05587018,2.00000000,0.00000000,0.00000000,5.74547813
Laptop,9878,down,plane,5,0.00000000,0.00000000,0.01173221,0.00000000,0.05759488,1.00000000,0.00000000,0.00000000,-0.29330526
Laptop,9878,left,manual,5,1.00000000,1.00000000,0.00000000,0.00000000,0.16631364,0.00000000,0.00000000,0.00000000,100.00000000
Laptop,9878,left,hedgehog_1d,5,0.20000000,0.40000000,0.09605453,0.00000000,0.07423350,3.00000000,0.00000000,0.00000000,23.59863681
Laptop,9878,left,hedgehog_3d,5,0.20000000,0.40000000,0.01655804,0.00000000,0.06860046,1.00000000,0.00000000,0.00000000,25.58604893
Laptop,9878,left,plane,5,0.20000000,0.20000000,0.01265545,0.00000000,0.08763814,1.00000000,0.00000000,0.00000000,19.68361368
Laptop,9878,right,manual,5,1.00000000,1.00000000,0.00000000,0.00000000,0.16686887,0.00000000,0.00000000,0.00000000,100.00000000
Laptop,9878,right,hedgehog_1d,5,0.00000000,0.20000000,0.02578977,0.00000000,0.05640486,2.00000000,0.00000000,0.00000000,5.35525580
Laptop,9878,right,hedgehog_3d,5,0.00000000,0.20000000,0.00807136,0.00000000,0.05174008,2.00000000,0.00000000,0.00000000,5.79821599
Laptop,9878,right,plane,5,0.00000000,0.20000000,0.01761272,0.00000000,0.04897719,2.00000000,0.00000000,0.00000000,5.55968205
Microwave,7177,main,manual,8,1.00000000,1.00000000,0.02102489,0.00000000,0.15884688,0.00000000,0.00000000,0.00000000,99.47437772
Microwave,7177,main,hedgehog_1d,8,0.00000000,0.37500000,0.15616591,0.00000000,0.07139399,1.00000000,0.00000000,0.00000000,7.34585221
Microwave,7177,main,hedgehog_3d,8,0.00000000,0.37500000,0.09094183,0.00000000,0.07335022,1.00000000,0.00000000,0.00000000,8.97645419
Microwave,7177,main,plane,8,0.00000000,0.25000000,0.01379671,0.00000000,0.07299483,1.00000000,0.00000000,0.00000000,7.15508236
Microwave,7177,up,manual,8,1.00000000,1.00000000,0.00000000,0.00000000,0.15517110,0.00000000,0.00000000,0.00000000,100.00000000
Microwave,7177,up,hedgehog_1d,8,0.00000000,0.25000000,0.04270409,0.00000000,0.06635744,2.00000000,0.00000000,0.00000000,6.43239787
Microwave,7177,up,hedgehog_3d,8,0.00000000,0.37500000,0.01211384,0.00000000,0.06697650,1.00000000,0.00000000,0.00000000,10.94715401
Microwave,7177,up,plane,8,0.00000000,0.37500000,0.04655887,0.00000000,0.06692030,0.00000000,0.00000000,0.00000000,10.08602824
Microwave,7177,down,manual,8,1.00000000,1.00000000,0.00000000,0.00161731,0.15503948,0.00000000,0.00000000,1.00000000,99.98382685
Microwave,7177,down,hedgehog_1d,8,0.00000000,0.25000000,0.03120928,0.00000000,0.04890740,2.00000000,0.00000000,0.00000000,6.71976803
Microwave,7177,down,hedgehog_3d,8,0.00000000,0.25000000,0.00494888,0.00000000,0.04791563,0.00000000,0.00000000,0.00000000,7.37627802
Microwave,7177,down,plane,8,0.00000000,0.25000000,0.02251373,0.00000000,0.05242115,2.00000000,0.00000000,0.00000000,6.93715672
Microwave,7177,left,manual,8,1.00000000,1.00000000,0.00000000,0.00767361,0.15808609,0.00000000,0.00000000,1.00000000,99.92326388
Microwave,7177,left,hedgehog_1d,8,0.12500000,0.37500000,0.03075175,0.00000000,0.06719738,2.00000000,0.00000000,0.00000000,19.23120630
Microwave,7177,left,hedgehog_3d,8,0.12500000,0.25000000,0.01588711,0.00000000,0.07561689,1.00000000,0.00000000,0.00000000,15.85282235
Microwave,7177,left,plane,8,0.12500000,0.50000000,0.01641965,0.00000000,0.06924637,1.00000000,0.00000000,0.00000000,23.33950876
Microwave,7177,right,manual,8,1.00000000,1.00000000,0.12500000,0.00222482,0.14453920,0.00000000,0.00000000,1.00000000,96.85275183
Microwave,7177,right,hedgehog_1d,8,0.12500000,0.37500000,0.01545930,0.00000000,0.05653636,1.00000000,0.00000000,0.00000000,19.61351761
Microwave,7177,right,hedgehog_3d,8,0.12500000,0.50000000,0.00577682,0.00000000,0.05677193,0.00000000,0.00000000,0.00000000,23.60557946
Microwave,7177,right,plane,8,0.12500000,0.50000000,0.01247186,0.00000000,0.05706109,0.00000000,0.00000000,0.00000000,23.43820350
Microwave,7183,main,manual,8,1.00000000,1.00000000,0.10620190,0.00000000,0.14983459,0.00000000,0.00000000,0.00000000,97.34495253
Microwave,7183,main,hedgehog_1d,8,0.12500000,0.62500000,0.13569374,0.00000000,0.05385741,1.00000000,0.00000000,0.00000000,24.10765662
Microwave,7183,main,hedgehog_3d,8,0.12500000,0.62500000,0.13517650,0.00000000,0.05813016,1.00000000,0.00000000,0.00000000,24.12058753
Microwave,7183,main,plane,8,0.12500000,0.50000000,0.01532721,0.00000000,0.06032965,2.00000000,0.00000000,0.00000000,23.36681971
Microwave,7183,up,manual,8,1.00000000,1.00000000,0.10979957,0.00000000,0.12695778,0.00000000,0.00000000,0.00000000,97.25501069
Microwave,7183,up,hedgehog_1d,8,0.37500000,0.50000000,0.00977226,0.00000000,0.06593421,1.00000000,0.00000000,0.00000000,41.00569340
Microwave,7183,up,hedgehog_3d,8,0.37500000,0.62500000,0.01101952,0.00000000,0.06869897,1.00000000,0.00000000,0.00000000,44.72451202
Microwave,7183,up,plane,8,0.37500000,0.50000000,0.01513844,0.00000000,0.06458873,1.00000000,0.00000000,0.00000000,40.87153911
Microwave,7183,down,manual,8,1.00000000,1.00000000,0.00000000,0.00366990,0.14794688,0.00000000,0.00000000,1.00000000,99.96330104
Microwave,7183,down,hedgehog_1d,8,0.00000000,0.50000000,0.00684999,0.00000000,0.04315130,2.00000000,0.00000000,0.00000000,14.82875027
Microwave,7183,down,hedgehog_3d,8,0.00000000,0.62500000,0.01269639,0.00000000,0.04413229,2.00000000,0.00000000,0.00000000,18.43259026
Microwave,7183,down,plane,8,0.00000000,0.37500000,0.01568310,0.00000000,0.04685969,2.00000000,0.00000000,0.00000000,10.85792246
Microwave,7183,left,manual,8,1.00000000,1.00000000,0.21656439,0.00000000,0.12002512,0.00000000,0.00000000,0.00000000,94.58589019
Microwave,7183,left,hedgehog_1d,8,0.12500000,0.87500000,0.01037623,0.00000000,0.06465827,1.00000000,0.00000000,0.00000000,34.74059428
Microwave,7183,left,hedgehog_3d,8,0.25000000,0.87500000,0.01097134,0.00000000,0.07218132,2.00000000,0.00000000,0.00000000,43.47571651
Microwave,7183,left,plane,8,0.12500000,0.62500000,0.03353771,0.00000000,0.06329274,1.00000000,0.00000000,0.00000000,26.66155737
Microwave,7183,right,manual,8,1.00000000,1.00000000,0.03260870,0.00266438,0.13582416,0.00000000,0.00000000,1.00000000,99.15813884
Microwave,7183,right,hedgehog_1d,8,0.12500000,0.62500000,0.01602483,0.00000000,0.04983391,1.00000000,0.00000000,0.00000000,27.09937922
Microwave,7183,right,hedgehog_3d,8,0.25000000,0.62500000,0.01330842,0.00000000,0.04890844,1.00000000,0.00000000,0.00000000,35.91728950
Microwave,7183,right,plane,8,0.25000000,0.50000000,0.02545053,0.00000000,0.04946199,1.00000000,0.00000000,0.00000000,31.86373674
Microwave,7184,main,manual,8,1.00000000,1.00000000,0.00000000,0.00000000,0.17602768,0.00000000,0.00000000,0.00000000,100.00000000
Microwave,7184,main,hedgehog_1d,8,0.12500000,0.12500000,0.14051319,0.00000000,0.05422861,1.00000000,0.00000000,0.00000000,8.98717016
Microwave,7184,main,hedgehog_3d,8,0.12500000,0.12500000,0.09868729,0.00000000,0.05632287,1.00000000,0.00000000,0.00000000,10.03281783
Microwave,7184,main,plane,8,0.00000000,0.00000000,0.01208427,0.00001665,0.19770483,0.00000000,0.00000000,1.00000000,-0.30227334
Microwave,7184,up,manual,8,1.00000000,1.00000000,0.12500000,0.00000000,0.16009814,0.00000000,0.00000000,0.00000000,96.87500000
Microwave,7184,up,hedgehog_1d,8,0.12500000,0.25000000,0.02772751,0.00000000,0.05210217,2.00000000,0.00000000,0.00000000,15.55681219
Microwave,7184,up,hedgehog_3d,8,0.12500000,0.25000000,0.00773986,0.00000000,0.05125462,1.00000000,0.00000000,0.00000000,16.05650340
Microwave,7184,up,plane,8,0.00000000,0.00000000,0.02824727,0.00001690,0.14696912,1.00000000,0.00000000,1.00000000,-0.70635073
Microwave,7184,down,manual,8,1.00000000,1.00000000,0.00000000,0.01062122,0.15757002,0.00000000,0.00000000,1.00000000,99.89378778
Microwave,7184,down,hedgehog_1d,8,0.00000000,0.25000000,0.16634481,0.00000000,0.06063456,3.00000000,0.00000000,0.00000000,3.34137983
Microwave,7184,down,hedgehog_3d,8,0.00000000,0.00000000,0.07353800,0.00047318,0.09462913,1.00000000,0.00000000,1.00000000,-1.84318183
Microwave,7184,down,plane,8,0.00000000,0.00000000,0.01642383,0.00000000,0.06409096,1.00000000,0.00000000,0.00000000,-0.41059575
Microwave,7184,left,manual,8,1.00000000,1.00000000,0.00000000,0.00000000,0.14637389,0.00000000,0.00000000,0.00000000,100.00000000
Microwave,7184,left,hedgehog_1d,8,0.00000000,0.37500000,0.02417151,0.00000000,0.05805881,3.00000000,0.00000000,0.00000000,10.64571216
Microwave,7184,left,hedgehog_3d,8,0.00000000,0.37500000,0.02496913,0.00000000,0.05775534,2.00000000,0.00000000,0.00000000,10.62577177
Microwave,7184,left,plane,8,0.12500000,0.37500000,0.01940263,0.00000000,0.05938435,2.00000000,0.00000000,0.00000000,19.51493432
Microwave,7184,right,manual,8,1.00000000,1.00000000,0.00000000,0.00405925,0.15733925,0.00000000,0.00000000,1.00000000,99.95940752
Microwave,7184,right,hedgehog_1d,8,0.00000000,0.25000000,0.03585460,0.00000000,0.06257099,2.00000000,0.00000000,0.00000000,6.60363498
Microwave,7184,right,hedgehog_3d,8,0.12500000,0.25000000,0.03185227,0.00007361,0.08666263,1.00000000,0.00000000,1.00000000,15.45295715
Microwave,7184,right,plane,8,0.00000000,0.25000000,0.02053593,0.00000000,0.05689792,2.00000000,0.00000000,0.00000000,6.98660187
Microwave,7200,main,manual,7,1.00000000,1.00000000,0.00000000,0.00000000,0.17762293,0.00000000,0.00000000,0.00000000,100.00000000
Microwave,7200,main,hedgehog_1d,7,0.00000000,0.00000000,0.14638177,0.00000000,0.04564308,0.00000000,0.00000000,0.00000000,-3.65954426
Microwave,7200,main,hedgehog_3d,7,0.00000000,0.00000000,0.14714039,0.00000000,0.04894715,0.00000000,0.00000000,0.00000000,-3.67850983
Microwave,7200,main,plane,7,0.00000000,0.00000000,0.09041623,0.00000000,0.05491041,1.00000000,0.00000000,0.00000000,-2.26040585
Microwave,7200,up,manual,7,1.00000000,1.00000000,0.00000000,0.00427329,0.16522254,0.00000000,0.00000000,2.00000000,99.95726714
Microwave,7200,up,hedgehog_1d,7,0.14285714,0.28571429,0.06179073,0.00000000,0.05944202,2.00000000,0.00000000,0.00000000,17.02666034
Microwave,7200,up,hedgehog_3d,7,0.14285714,0.28571429,0.01899577,0.00000000,0.06032997,1.00000000,0.00000000,0.00000000,18.09653434
Microwave,7200,up,plane,7,0.00000000,0.28571429,0.02541193,0.00000000,0.05955140,2.00000000,0.00000000,0.00000000,7.93613034
Microwave,7200,down,manual,7,1.00000000,1.00000000,0.00000000,0.00328078,0.16600058,0.00000000,0.00000000,2.00000000,99.96719219
Microwave,7200,down,hedgehog_1d,7,0.00000000,0.14285714,0.04265852,0.00000000,0.04362346,2.00000000,0.00000000,0.00000000,3.21925122
Microwave,7200,down,hedgehog_3d,7,0.00000000,0.14285714,0.00616659,0.00000000,0.03480948,3.00000000,0.00000000,0.00000000,4.13154943
Microwave,7200,down,plane,7,0.00000000,0.14285714,0.01066559,0.00000000,0.03570461,1.00000000,0.00000000,0.00000000,4.01907444
Microwave,7200,left,manual,7,1.00000000,1.00000000,0.00000000,0.00000000,0.15510463,0.00000000,0.00000000,0.00000000,100.00000000
Microwave,7200,left,hedgehog_1d,7,0.00000000,0.28571429,0.02872597,0.00000000,0.05623124,1.00000000,0.00000000,0.00000000,7.85327940
Microwave,7200,left,hedgehog_3d,7,0.00000000,0.14285714,0.00710129,0.00000000,0.05358765,1.00000000,0.00000000,0.00000000,4.10818209
Microwave,7200,left,plane,7,0.00000000,0.14285714,0.01354871,0.00000000,0.05195969,1.00000000,0.00000000,0.00000000,3.94699643
Microwave,7200,right,manual,7,1.00000000,1.00000000,0.00000000,0.00000000,0.13774405,0.00000000,0.00000000,0.00000000,100.00000000
Microwave,7200,right,hedgehog_1d,7,0.00000000,0.42857143,0.00721810,0.00000000,0.05276765,1.00000000,0.00000000,0.00000000,12.67669027
Microwave,7200,right,hedgehog_3d,7,0.00000000,0.42857143,0.00492173,0.00000000,0.04903869,1.00000000,0.00000000,0.00000000,12.73409972
Microwave,7200,right,plane,7,0.00000000,0.42857143,0.01023412,0.00000000,0.04836293,1.00000000,0.00000000,0.00000000,12.60128976
Microwave,7346,main,manual,7,1.00000000,1.00000000,0.00000000,0.00000000,0.17220647,0.00000000,0.00000000,0.00000000,100.00000000
Microwave,7346,main,hedgehog_1d,7,0.00000000,0.28571429,0.08595534,0.00000000,0.04295514,0.00000000,0.00000000,0.00000000,6.42254507
Microwave,7346,main,hedgehog_3d,7,0.00000000,0.28571429,0.00591206,0.00000000,0.04621009,0.00000000,0.00000000,0.00000000,8.42362718
Microwave,7346,main,plane,7,0.00000000,0.14285714,0.00673367,0.00000000,0.04006700,0.00000000,0.00000000,0.00000000,4.11737261
Microwave,7346,up,manual,7,1.00000000,1.00000000,0.00874518,0.00000000,0.16088561,0.00000000,0.00000000,0.00000000,99.78137061
Microwave,7346,up,hedgehog_1d,7,0.14285714,0.28571429,0.01091268,0.00000000,0.04642772,1.00000000,0.00000000,0.00000000,18.29861150
Microwave,7346,up,hedgehog_3d,7,0.14285714,0.42857143,0.01573729,0.00000000,0.04230119,1.00000000,0.00000000,0.00000000,22.46371049
Microwave,7346,up,plane,7,0.14285714,0.28571429,0.00729155,0.00000000,0.04196800,1.00000000,0.00000000,0.00000000,18.38913978
Microwave,7346,down,manual,7,1.00000000,1.00000000,0.00000000,0.00000000,0.16674456,0.00000000,0.00000000,0.00000000,100.00000000
Microwave,7346,down,hedgehog_1d,7,0.00000000,0.28571429,0.00754118,0.00000000,0.04292222,1.00000000,0.00000000,0.00000000,8.38289918
Microwave,7346,down,hedgehog_3d,7,0.00000000,0.28571429,0.00548525,0.00000000,0.04397471,2.00000000,0.00000000,0.00000000,8.43429742
Microwave,7346,down,plane,7,0.00000000,0.28571429,0.00878726,0.00000000,0.04208363,2.00000000,0.00000000,0.00000000,8.35174711
Microwave,7346,left,manual,7,1.00000000,1.00000000,0.00000000,0.00000000,0.13757202,0.00000000,0.00000000,0.00000000,100.00000000
Microwave,7346,left,hedgehog_1d,7,0.14285714,0.42857143,0.04490474,0.00000000,0.06026295,1.00000000,0.00000000,0.00000000,21.73452428
Microwave,7346,left,hedgehog_3d,7,0.14285714,0.42857143,0.00644742,0.00000000,0.05526415,0.00000000,0.00000000,0.00000000,22.69595727
Microwave,7346,left,plane,7,0.28571429,0.42857143,0.01501604,0.00000000,0.05037866,0.00000000,0.00000000,0.00000000,32.48174189
Microwave,7346,right,manual,7,1.00000000,1.00000000,0.00000000,0.00073381,0.13380571,0.00000000,0.00000000,1.00000000,99.99266192
Microwave,7346,right,hedgehog_1d,7,0.14285714,0.42857143,0.00670332,0.00000000,0.02703732,1.00000000,0.00000000,0.00000000,22.68955975
Microwave,7346,right,hedgehog_3d,7,0.14285714,0.42857143,0.00233938,0.00000000,0.02213116,1.00000000,0.00000000,0.00000000,22.79865839
Microwave,7346,right,plane,7,0.14285714,0.28571429,0.00287615,0.00000000,0.01929243,1.00000000,0.00000000,0.00000000,18.49952493
Refrigerator,10649,main,manual,8,1.00000000,1.00000000,0.00000000,0.00000000,0.16899009,0.00000000,0.00000000,0.00000000,100.00000000
Refrigerator,10649,main,hedgehog_1d,8,0.00000000,0.25000000,0.15684331,0.00000000,0.06356982,1.00000000,0.00000000,0.00000000,3.57891717
Refrigerator,10649,main,hedgehog_3d,8,0.00000000,0.12500000,0.14381996,0.00000000,0.06793589,1.00000000,1.00000000,0.00000000,0.15450100
Refrigerator,10649,main,plane,8,0.00000000,0.12500000,0.01518533,0.00000000,0.07349460,0.00000000,0.00000000,0.00000000,3.37036674
Refrigerator,10649,up,manual,8,1.00000000,1.00000000,0.04399259,0.00048811,0.16169991,0.00000000,0.00000000,1.00000000,98.89530408
Refrigerator,10649,up,hedgehog_1d,8,0.00000000,0.12500000,0.10097818,0.00000000,0.07426574,3.00000000,0.00000000,0.00000000,1.22554548
Refrigerator,10649,up,hedgehog_3d,8,0.12500000,0.25000000,0.00848915,0.00000000,0.07364852,1.00000000,0.00000000,0.00000000,16.03777117
Refrigerator,10649,up,plane,8,0.12500000,0.25000000,0.01773122,0.00000000,0.06702443,2.00000000,0.00000000,0.00000000,15.80671958
Refrigerator,10649,down,manual,8,1.00000000,1.00000000,0.00000000,0.00000000,0.12725269,0.00000000,0.00000000,0.00000000,100.00000000
Refrigerator,10649,down,hedgehog_1d,8,0.25000000,0.50000000,0.16391657,0.00000000,0.03410687,5.00000000,0.00000000,0.00000000,28.40208581
Refrigerator,10649,down,hedgehog_3d,8,0.00000000,0.50000000,0.12130245,0.00000000,0.03400242,3.00000000,0.00000000,0.00000000,11.96743884
Refrigerator,10649,down,plane,8,0.00000000,0.62500000,0.01025755,0.00000000,0.04105613,2.00000000,0.00000000,0.00000000,18.49356115
Refrigerator,10649,left,manual,8,1.00000000,1.00000000,0.00000000,0.00145494,0.14530082,0.00000000,0.00000000,1.00000000,99.98545056
Refrigerator,10649,left,hedgehog_1d,8,0.12500000,0.37500000,0.05772028,0.00000000,0.05889775,2.00000000,0.00000000,0.00000000,18.55699290
Refrigerator,10649,left,hedgehog_3d,8,0.12500000,0.37500000,0.00592952,0.00000000,0.05591949,0.00000000,0.00000000,0.00000000,19.85176195
Refrigerator,10649,left,plane,8,0.00000000,0.12500000,0.01109750,0.00000000,0.07080445,1.00000000,0.00000000,0.00000000,3.47256241
Refrigerator,10649,right,manual,8,1.00000000,1.00000000,0.04114516,0.00000000,0.16454242,0.00000000,0.00000000,0.00000000,98.97137097
Refrigerator,10649,right,hedgehog_1d,8,0.00000000,0.12500000,0.04692364,0.00000000,0.07615518,4.00000000,0.00000000,0.00000000,2.57690908
Refrigerator,10649,right,hedgehog_3d,8,0.00000000,0.12500000,0.00871077,0.00000000,0.08129146,1.00000000,0.00000000,0.00000000,3.53223069
Refrigerator,10649,right,plane,8,0.00000000,0.12500000,0.02198572,0.00000000,0.08067239,2.00000000,0.00000000,0.00000000,3.20035708
Refrigerator,11585,main,manual,9,1.00000000,1.00000000,0.00000000,0.00000000,0.14715066,0.00000000,0.00000000,0.00000000,100.00000000
Refrigerator,11585,main,hedgehog_1d,9,0.00000000,0.33333333,0.03510213,0.00000000,0.05000866,2.00000000,0.00000000,0.00000000,9.12244665
Refrigerator,11585,main,hedgehog_3d,9,0.00000000,0.22222222,0.01231952,0.00000000,0.04904534,4.00000000,0.00000000,0.00000000,6.35867868
Refrigerator,11585,main,plane,9,0.00000000,0.22222222,0.02725718,0.00000000,0.04944137,4.00000000,0.00000000,0.00000000,5.98523714
Refrigerator,11585,up,manual,9,1.00000000,1.00000000,0.00000000,0.00000000,0.13062750,0.00000000,0.00000000,0.00000000,100.00000000
Refrigerator,11585,up,hedgehog_1d,9,0.11111111,0.66666667,0.07820682,0.00000000,0.04758026,3.00000000,0.00000000,0.00000000,25.82260730
Refrigerator,11585,up,hedgehog_3d,9,0.11111111,0.66666667,0.03014289,0.00000000,0.05035317,2.00000000,0.00000000,0.00000000,27.02420544
Refrigerator,11585,up,plane,9,0.11111111,0.66666667,0.01343632,0.00000000,0.04728688,3.00000000,0.00000000,0.00000000,27.44186972
Refrigerator,11585,down,manual,9,1.00000000,1.00000000,0.00000000,0.00017087,0.14537380,0.00000000,0.00000000,1.00000000,99.99829126
Refrigerator,11585,down,hedgehog_1d,9,0.11111111,0.22222222,0.03936928,0.00000000,0.04303108,5.00000000,0.00000000,0.00000000,13.46021246
Refrigerator,11585,down,hedgehog_3d,9,0.22222222,0.33333333,0.00947581,0.00000000,0.04026004,5.00000000,0.00000000,0.00000000,25.31866029
Refrigerator,11585,down,plane,9,0.22222222,0.33333333,0.01823315,0.00000000,0.03975747,6.00000000,0.00000000,0.00000000,25.09972682
Refrigerator,11585,left,manual,9,1.00000000,1.00000000,0.00000000,0.00000000,0.13564629,0.00000000,0.00000000,0.00000000,100.00000000
Refrigerator,11585,left,hedgehog_1d,9,0.22222222,0.66666667,0.04298829,0.00000000,0.06226508,3.00000000,0.00000000,0.00000000,34.48084838
Refrigerator,11585,left,hedgehog_3d,9,0.11111111,0.77777778,0.03595161,0.00000000,0.06336933,2.00000000,0.00000000,0.00000000,30.21232074
Refrigerator,11585,left,plane,9,0.11111111,0.77777778,0.01954124,0.00000000,0.06097141,5.00000000,0.00000000,0.00000000,30.62258002
Refrigerator,11585,right,manual,9,1.00000000,1.00000000,0.04589543,0.00000000,0.10772710,0.00000000,0.00000000,0.00000000,98.85261435
Refrigerator,11585,right,hedgehog_1d,9,0.11111111,0.77777778,0.04738828,0.00000000,0.06674168,2.00000000,0.00000000,0.00000000,29.92640419
Refrigerator,11585,right,hedgehog_3d,9,0.00000000,0.77777778,0.02799776,0.00000000,0.06555372,2.00000000,0.00000000,0.00000000,22.63338942
Refrigerator,11585,right,plane,9,0.33333333,0.88888889,0.03512487,0.00000000,0.06961845,2.00000000,0.00000000,0.00000000,49.12187825
Refrigerator,11666,main,manual,9,1.00000000,1.00000000,0.00000000,0.00000000,0.17653822,0.00000000,0.00000000,0.00000000,100.00000000
Refrigerator,11666,main,hedgehog_1d,9,0.00000000,0.44444444,0.04800844,0.00000000,0.06221246,4.00000000,0.00000000,0.00000000,12.13312229
Refrigerator,11666,main,hedgehog_3d,9,0.00000000,0.33333333,0.00930083,0.00000000,0.05506561,4.00000000,0.00000000,0.00000000,9.76747927
Refrigerator,11666,main,plane,9,0.00000000,0.44444444,0.02528267,0.00000000,0.05642801,4.00000000,0.00000000,0.00000000,12.70126669
Refrigerator,11666,up,manual,9,1.00000000,1.00000000,0.00019784,0.00000000,0.16612601,0.00000000,0.00000000,0.00000000,99.99505393
Refrigerator,11666,up,hedgehog_1d,9,0.00000000,0.44444444,0.14484947,0.00000000,0.05234406,4.00000000,0.00000000,0.00000000,9.71209659
Refrigerator,11666,up,hedgehog_3d,9,0.11111111,0.44444444,0.02755957,0.00757989,0.09710927,2.00000000,0.00000000,1.00000000,20.34632296
Refrigerator,11666,up,plane,9,0.11111111,0.44444444,0.01862221,0.00000000,0.05446596,4.00000000,0.00000000,0.00000000,20.64555590
Refrigerator,11666,down,manual,9,1.00000000,1.00000000,0.00000000,0.00055043,0.16012185,0.00000000,0.00000000,1.00000000,99.99449570
Refrigerator,11666,down,hedgehog_1d,9,0.00000000,0.44444444,0.02330054,0.00000000,0.04402716,3.00000000,0.00000000,0.00000000,12.75081977
Refrigerator,11666,down,hedgehog_3d,9,0.00000000,0.44444444,0.00992663,0.00000000,0.04566984,6.00000000,0.00000000,0.00000000,13.08516752
Refrigerator,11666,down,plane,9,0.00000000,0.44444444,0.02058335,0.00000000,0.04340078,4.00000000,0.00000000,0.00000000,12.81874961
Refrigerator,11666,left,manual,9,1.00000000,1.00000000,0.10878577,0.00389905,0.14218630,0.00000000,0.00000000,1.00000000,97.24136515
Refrigerator,11666,left,hedgehog_1d,9,0.22222222,0.44444444,0.06163397,0.00000000,0.07015528,4.00000000,0.00000000,0.00000000,27.34803973
Refrigerator,11666,left,hedgehog_3d,9,0.11111111,0.55555556,0.06904049,0.00000000,0.06736091,2.00000000,0.00000000,0.00000000,22.71843220
Refrigerator,11666,left,plane,9,0.11111111,0.44444444,0.02807230,0.00000000,0.09556769,2.00000000,0.00000000,0.00000000,20.40930370
Refrigerator,11666,right,manual,9,1.00000000,1.00000000,0.00000000,0.00018037,0.14579185,0.00000000,0.00000000,1.00000000,99.99819633
Refrigerator,11666,right,hedgehog_1d,9,0.11111111,0.33333333,0.05668956,0.00000000,0.05707004,4.00000000,0.00000000,0.00000000,16.36053882
Refrigerator,11666,right,hedgehog_3d,9,0.11111111,0.33333333,0.01292040,0.00000000,0.05439730,3.00000000,0.00000000,0.00000000,17.45476784
Refrigerator,11666,right,plane,9,0.11111111,0.33333333,0.01394325,0.00000000,0.05521539,3.00000000,0.00000000,0.00000000,17.42919650
Refrigerator,11712,main,manual,6,1.00000000,1.00000000,0.00000000,0.00000000,0.18959616,0.00000000,0.00000000,0.00000000,100.00000000
Refrigerator,11712,main,hedgehog_1d,6,0.00000000,0.33333333,0.04422598,0.00000000,0.08175099,3.00000000,0.00000000,0.00000000,8.89435044
Refrigerator,11712,main,hedgehog_3d,6,0.00000000,0.16666667,0.00739786,0.00000000,0.06418971,0.00000000,0.00000000,0.00000000,4.81505338
Refrigerator,11712,main,plane,6,0.00000000,0.16666667,0.01127939,0.00000000,0.06327197,0.00000000,0.00000000,0.00000000,4.71801515
Refrigerator,11712,up,manual,6,1.00000000,1.00000000,0.00000000,0.00000000,0.16809854,0.00000000,0.00000000,0.00000000,100.00000000
Refrigerator,11712,up,hedgehog_1d,6,0.00000000,0.16666667,0.01700716,0.00000000,0.04930090,1.00000000,0.00000000,0.00000000,4.57482088
Refrigerator,11712,up,hedgehog_3d,6,0.00000000,0.16666667,0.01516757,0.00000000,0.04944964,1.00000000,0.00000000,0.00000000,4.62081080
Refrigerator,11712,up,plane,6,0.00000000,0.16666667,0.03668189,0.00000000,0.04959959,1.00000000,0.00000000,0.00000000,4.08295275
Refrigerator,11712,down,manual,6,1.00000000,1.00000000,0.00000000,0.00000000,0.16881429,0.00000000,0.00000000,0.00000000,100.00000000
Refrigerator,11712,down,hedgehog_1d,6,0.16666667,0.33333333,0.04879614,0.00000000,0.06143567,2.00000000,0.00000000,0.00000000,20.44676314
Refrigerator,11712,down,hedgehog_3d,6,0.16666667,0.33333333,0.02465315,0.00000000,0.05665339,2.00000000,0.00000000,0.00000000,21.05033789
Refrigerator,11712,down,plane,6,0.16666667,0.33333333,0.02593755,0.00000000,0.05470740,3.00000000,0.00000000,0.00000000,21.01822793
Refrigerator,11712,left,manual,6,1.00000000,1.00000000,0.00000000,0.00010261,0.17147467,0.00000000,0.00000000,1.00000000,99.99897386
Refrigerator,11712,left,hedgehog_1d,6,0.00000000,0.33333333,0.02664500,0.00000000,0.07283630,1.00000000,0.00000000,0.00000000,9.33387503
Refrigerator,11712,left,hedgehog_3d,6,0.00000000,0.33333333,0.03490133,0.00000000,0.07149641,1.00000000,0.00000000,0.00000000,9.12746679
Refrigerator,11712,left,plane,6,0.00000000,0.16666667,0.01381200,0.00000000,0.06963168,0.00000000,0.00000000,0.00000000,4.65469997
Refrigerator,11712,right,manual,6,1.00000000,1.00000000,0.00000000,0.00000000,0.15000082,0.00000000,0.00000000,0.00000000,100.00000000
Refrigerator,11712,right,hedgehog_1d,6,0.00000000,0.50000000,0.00890169,0.00000000,0.06291877,0.00000000,0.00000000,0.00000000,14.77745763
Refrigerator,11712,right,hedgehog_3d,6,0.16666667,0.33333333,0.00676778,0.00000000,0.06245209,0.00000000,0.00000000,0.00000000,21.49747209
Refrigerator,11712,right,plane,6,0.16666667,0.50000000,0.01549851,0.00000000,0.06120308,0.00000000,0.00000000,0.00000000,26.27920395
Refrigerator,12045,main,manual,6,1.00000000,1.00000000,0.00000000,0.00000000,0.18517077,0.00000000,0.00000000,0.00000000,100.00000000
Refrigerator,12045,main,hedgehog_1d,6,0.00000000,0.16666667,0.01569681,0.00000000,0.04922610,1.00000000,0.00000000,0.00000000,4.60757977
Refrigerator,12045,main,hedgehog_3d,6,0.00000000,0.16666667,0.00473433,0.00000000,0.04817036,1.00000000,0.00000000,0.00000000,4.88164185
Refrigerator,12045,main,plane,6,0.00000000,0.16666667,0.00650684,0.00000000,0.04556576,1.00000000,0.00000000,0.00000000,4.83732909
Refrigerator,12045,up,manual,6,1.00000000,1.00000000,0.00000000,0.00000000,0.16296968,0.00000000,0.00000000,0.00000000,100.00000000
Refrigerator,12045,up,hedgehog_1d,6,0.00000000,0.16666667,0.00551608,0.00000000,0.04831280,0.00000000,0.00000000,0.00000000,4.86209790
Refrigerator,12045,up,hedgehog_3d,6,0.00000000,0.16666667,0.00535641,0.00000000,0.04910666,0.00000000,0.00000000,0.00000000,4.86608972
Refrigerator,12045,up,plane,6,0.00000000,0.33333333,0.01000317,0.00000000,0.04657441,0.00000000,0.00000000,0.00000000,9.74992085
Refrigerator,12045,down,manual,6,1.00000000,1.00000000,0.00000000,0.00000000,0.15549780,0.00000000,0.00000000,0.00000000,100.00000000
Refrigerator,12045,down,hedgehog_1d,6,0.16666667,0.16666667,0.01121010,0.00000000,0.04951152,1.00000000,0.00000000,0.00000000,16.38641425
Refrigerator,12045,down,hedgehog_3d,6,0.16666667,0.16666667,0.00674339,0.00000000,0.04848668,1.00000000,0.00000000,0.00000000,16.49808191
Refrigerator,12045,down,plane,6,0.16666667,0.16666667,0.00970404,0.00000000,0.04668826,2.00000000,0.00000000,0.00000000,16.42406571
Refrigerator,12045,left,manual,6,1.00000000,1.00000000,0.01593479,0.00000000,0.16323440,0.00000000,0.00000000,0.00000000,99.60163020
Refrigerator,12045,left,hedgehog_1d,6,0.00000000,0.33333333,0.16132672,0.00000000,0.07742723,2.00000000,0.00000000,0.00000000,5.96683193
Refrigerator,12045,left,hedgehog_3d,6,0.00000000,0.33333333,0.01974364,0.00000000,0.07363534,1.00000000,0.00000000,0.00000000,9.50640903
Refrigerator,12045,left,plane,6,0.00000000,0.16666667,0.01186136,0.03374358,0.09522805,1.00000000,0.00000000,1.00000000,4.36603029
Refrigerator,12045,right,manual,6,1.00000000,1.00000000,0.00000000,0.00000000,0.15611525,0.00000000,0.00000000,0.00000000,100.00000000
Refrigerator,12045,right,hedgehog_1d,6,0.00000000,0.66666667,0.01162727,0.00000000,0.06059860,1.00000000,0.00000000,0.00000000,19.70931820
Refrigerator,12045,right,hedgehog_3d,6,0.00000000,0.66666667,0.00710008,0.00000000,0.05817146,0.00000000,0.00000000,0.00000000,19.82249797
Refrigerator,12045,right,plane,6,0.00000000,0.66666667,0.00987976,0.00000000,0.05719532,0.00000000,0.00000000,0.00000000,19.75300605
Scissors,10429,main,manual,5,1.00000000,1.00000000,0.00000000,0.00000000,0.16812682,0.00000000,0.00000000,0.00000000,100.00000000
Scissors,10429,main,hedgehog_1d,5,0.00000000,0.20000000,0.00893272,0.00000000,0.07825258,0.00000000,0.00000000,0.00000000,5.77668196
Scissors,10429,main,hedgehog_3d,5,0.00000000,0.20000000,0.00947460,0.00000000,0.07614455,0.00000000,0.00000000,0.00000000,5.76313493
Scissors,10429,main,plane,5,0.00000000,0.20000000,0.01590115,0.00000000,0.07125272,1.00000000,0.00000000,0.00000000,5.60247127
Scissors,10429,up,manual,5,1.00000000,1.00000000,0.00000000,0.00000000,0.14802578,0.00000000,0.00000000,0.00000000,100.00000000
Scissors,10429,up,hedgehog_1d,5,0.20000000,0.40000000,0.01187226,0.00000000,0.09118391,0.00000000,0.00000000,0.00000000,25.70319357
Scissors,10429,up,hedgehog_3d,5,0.40000000,0.40000000,0.01249573,0.00000000,0.09004425,0.00000000,0.00000000,0.00000000,39.68760680
Scissors,10429,up,plane,5,0.40000000,0.40000000,0.01597728,0.00000000,0.09556944,0.00000000,0.00000000,0.00000000,39.60056804
Scissors,10429,down,manual,5,1.00000000,1.00000000,0.00000000,0.00000000,0.14467613,0.00000000,0.00000000,0.00000000,100.00000000
Scissors,10429,down,hedgehog_1d,5,0.00000000,0.60000000,0.33098817,0.00000000,0.07685166,1.00000000,2.00000000,0.00000000,9.72529585
Scissors,10429,down,hedgehog_3d,5,0.00000000,0.20000000,0.02833247,0.00000000,0.08953486,2.00000000,0.00000000,0.00000000,5.29168822
Scissors,10429,down,plane,5,0.20000000,0.40000000,0.01611213,0.00000000,0.07717151,0.00000000,0.00000000,0.00000000,25.59719670
Scissors,10429,left,manual,5,1.00000000,1.00000000,0.00000000,0.00000000,0.13835763,0.00000000,0.00000000,0.00000000,100.00000000
Scissors,10429,left,hedgehog_1d,5,0.00000000,0.60000000,0.01448754,0.00000000,0.08913166,1.00000000,0.00000000,0.00000000,17.63781161
Scissors,10429,left,hedgehog_3d,5,0.00000000,0.60000000,0.00980066,0.00000000,0.08785118,1.00000000,0.00000000,0.00000000,17.75498361
Scissors,10429,left,plane,5,0.00000000,0.40000000,0.01176027,0.00000000,0.07083378,0.00000000,0.00000000,0.00000000,11.70599329
Scissors,10429,right,manual,5,1.00000000,1.00000000,0.00000000,0.00000000,0.14058107,0.00000000,0.00000000,0.00000000,100.00000000
Scissors,10429,right,hedgehog_1d,5,0.00000000,0.20000000,0.02411088,0.00000000,0.06537831,2.00000000,0.00000000,0.00000000,5.39722790
Scissors,10429,right,hedgehog_3d,5,0.00000000,0.40000000,0.01106916,0.00000000,0.06117996,1.00000000,0.00000000,0.00000000,11.72327092
Scissors,10429,right,plane,5,0.20000000,0.40000000,0.01876016,0.00000000,0.08631802,1.00000000,0.00000000,0.00000000,25.53099589
Scissors,10994,main,manual,5,1.00000000,1.00000000,0.00000000,0.00000000,0.18823988,0.00000000,0.00000000,0.00000000,100.00000000
Scissors,10994,main,hedgehog_1d,5,0.00000000,0.00000000,0.06334043,0.00000000,0.06374851,1.00000000,0.00000000,0.00000000,-1.58351080
Scissors,10994,main,hedgehog_3d,5,0.00000000,0.00000000,0.01278394,0.00000000,0.06453458,1.00000000,0.00000000,0.00000000,-0.31959860
Scissors,10994,main,plane,5,0.00000000,0.20000000,0.01483128,0.00000000,0.05458402,1.00000000,0.00000000,0.00000000,5.62921793
Scissors,10994,up,manual,5,1.00000000,1.00000000,0.00000000,0.00000000,0.16262876,0.00000000,0.00000000,0.00000000,100.00000000
Scissors,10994,up,hedgehog_1d,5,0.00000000,0.40000000,0.03364574,0.00000000,0.07359094,1.00000000,0.00000000,0.00000000,11.15885653
Scissors,10994,up,hedgehog_3d,5,0.00000000,0.20000000,0.01864746,0.00000000,0.06994480,1.00000000,0.00000000,0.00000000,5.53381346
Scissors,10994,up,plane,5,0.00000000,0.20000000,0.01220660,0.00000000,0.06124366,1.00000000,0.00000000,0.00000000,5.69483499
Scissors,10994,down,manual,5,1.00000000,1.00000000,0.00000000,0.00000000,0.16601499,0.00000000,0.00000000,0.00000000,100.00000000
Scissors,10994,down,hedgehog_1d,5,0.00000000,0.00000000,0.47950331,0.00000000,0.08269306,3.00000000,0.00000000,0.00000000,-11.98758271
Scissors,10994,down,hedgehog_3d,5,0.00000000,0.00000000,0.01835556,0.00000000,0.06879461,2.00000000,0.00000000,0.00000000,-0.45888909
Scissors,10994,down,plane,5,0.00000000,0.00000000,0.01467250,0.00000000,0.06718421,1.00000000,0.00000000,0.00000000,-0.36681260
Scissors,10994,left,manual,5,1.00000000,1.00000000,0.00000000,0.00000000,0.16113657,0.00000000,0.00000000,0.00000000,100.00000000
Scissors,10994,left,hedgehog_1d,5,0.00000000,0.00000000,0.08742772,0.00000000,0.06558736,1.00000000,0.00000000,0.00000000,-2.18569312
Scissors,10994,left,hedgehog_3d,5,0.00000000,0.00000000,0.00798678,0.00000000,0.06944866,0.00000000,0.00000000,0.00000000,-0.19966947
Scissors,10994,left,plane,5,0.00000000,0.00000000,0.01479554,0.00000000,0.06753638,1.00000000,0.00000000,0.00000000,-0.36988861
Scissors,10994,right,manual,5,1.00000000,1.00000000,0.00000000,0.00000000,0.16232261,0.00000000,0.00000000,0.00000000,100.00000000
Scissors,10994,right,hedgehog_1d,5,0.00000000,0.40000000,0.02079193,0.00000000,0.04534023,1.00000000,0.00000000,0.00000000,11.48020170
Scissors,10994,right,hedgehog_3d,5,0.00000000,0.20000000,0.01471183,0.00000000,0.04392738,1.00000000,0.00000000,0.00000000,5.63220428
Scissors,10994,right,plane,5,0.00000000,0.00000000,0.02162518,0.00000000,0.04407429,1.00000000,0.00000000,0.00000000,-0.54062949
Scissors,11002,main,manual,5,1.00000000,1.00000000,0.00000000,0.00000000,0.15027790,0.00000000,0.00000000,0.00000000,100.00000000
Scissors,11002,main,hedgehog_1d,5,0.00000000,0.40000000,0.14318463,0.00000000,0.08132222,2.00000000,0.00000000,0.00000000,8.42038415
Scissors,11002,main,hedgehog_3d,5,0.00000000,0.40000000,0.00944823,0.00000000,0.07714007,2.00000000,0.00000000,0.00000000,11.76379419
Scissors,11002,main,plane,5,0.00000000,0.40000000,0.01216404,0.00000000,0.07397126,1.00000000,0.00000000,0.00000000,11.69589903
Scissors,11002,up,manual,5,1.00000000,1.00000000,0.00000000,0.00000000,0.13737302,0.00000000,0.00000000,0.00000000,100.00000000
Scissors,11002,up,hedgehog_1d,5,0.00000000,0.60000000,0.01040905,0.00000000,0.07926253,0.00000000,0.00000000,0.00000000,17.73977378
Scissors,11002,up,hedgehog_3d,5,0.00000000,0.60000000,0.00693043,0.00000000,0.07962012,0.00000000,0.00000000,0.00000000,17.82673913
Scissors,11002,up,plane,5,0.00000000,0.80000000,0.01255386,0.00000000,0.08009665,0.00000000,0.00000000,0.00000000,23.68615341
Scissors,11002,down,manual,5,1.00000000,1.00000000,0.00000000,0.00978455,0.12634175,0.00000000,0.00000000,2.00000000,99.90215454
Scissors,11002,down,hedgehog_1d,5,0.00000000,0.60000000,0.00670514,0.00000000,0.05884332,0.00000000,0.00000000,0.00000000,17.83237148
Scissors,11002,down,hedgehog_3d,5,0.00000000,0.80000000,0.00715968,0.00000000,0.06304919,0.00000000,0.00000000,0.00000000,23.82100792
Scissors,11002,down,plane,5,0.00000000,0.80000000,0.01134783,0.00000000,0.05254300,0.00000000,0.00000000,0.00000000,23.71630413
Scissors,11002,left,manual,5,1.00000000,1.00000000,0.00000000,0.00000000,0.12257412,0.00000000,0.00000000,0.00000000,100.00000000
Scissors,11002,left,hedgehog_1d,5,0.20000000,0.40000000,0.05833577,0.00000000,0.08339461,2.00000000,0.00000000,0.00000000,24.54160565
Scissors,11002,left,hedgehog_3d,5,0.20000000,0.40000000,0.01056031,0.00000000,0.07588317,0.00000000,0.00000000,0.00000000,25.73599228
Scissors,11002,left,plane,5,0.20000000,0.40000000,0.01987488,0.00000000,0.08361388,1.00000000,0.00000000,0.00000000,25.50312790
Scissors,11002,right,manual,5,1.00000000,1.00000000,0.00000000,0.00000000,0.12924823,0.00000000,0.00000000,0.00000000,100.00000000
Scissors,11002,right,hedgehog_1d,5,0.20000000,0.40000000,0.05243210,0.00000000,0.07380939,1.00000000,0.00000000,0.00000000,24.68919739
Scissors,11002,right,hedgehog_3d,5,0.00000000,0.40000000,0.00678130,0.00000000,0.05901816,0.00000000,0.00000000,0.00000000,11.83046745
Scissors,11002,right,plane,5,0.20000000,0.40000000,0.00993482,0.00000000,0.05644273,0.00000000,0.00000000,0.00000000,25.75162954
Scissors,11036,main,manual,5,1.00000000,1.00000000,0.00000000,0.00000000,0.12520506,0.00000000,0.00000000,0.00000000,100.00000000
Scissors,11036,main,hedgehog_1d,5,0.00000000,0.60000000,0.14990698,0.00000000,0.05309200,2.00000000,0.00000000,0.00000000,14.25232544
Scissors,11036,main,hedgehog_3d,5,0.00000000,0.60000000,0.01478028,0.00000000,0.04704720,2.00000000,0.00000000,0.00000000,17.63049297
Scissors,11036,main,plane,5,0.00000000,0.60000000,0.02166445,0.00000000,0.04546449,2.00000000,0.00000000,0.00000000,17.45838868
Scissors,11036,up,manual,5,1.00000000,1.00000000,0.03980580,0.00000000,0.10991339,0.00000000,0.00000000,0.00000000,99.00485495
Scissors,11036,up,hedgehog_1d,5,0.40000000,0.80000000,0.05290591,0.00000000,0.05954961,2.00000000,0.00000000,0.00000000,50.67735233
Scissors,11036,up,hedgehog_3d,5,0.20000000,0.80000000,0.01720463,0.00000000,0.05170480,2.00000000,0.00000000,0.00000000,37.56988434
Scissors,11036,up,plane,5,0.00000000,0.80000000,0.00879386,0.00000000,0.05394112,0.00000000,0.00000000,0.00000000,23.78015354
Scissors,11036,down,manual,5,1.00000000,1.00000000,0.00000000,0.00055014,0.11480085,0.00000000,0.00000000,2.00000000,99.99449857
Scissors,11036,down,hedgehog_1d,5,0.00000000,0.60000000,0.28147717,0.00000000,0.04794565,2.00000000,0.00000000,0.00000000,10.96307086
Scissors,11036,down,hedgehog_3d,5,0.00000000,0.60000000,0.01481246,0.00000000,0.04736306,2.00000000,0.00000000,0.00000000,17.62968854
Scissors,11036,down,plane,5,0.00000000,0.80000000,0.01916475,0.00000000,0.04186835,2.00000000,0.00000000,0.00000000,23.52088113
Scissors,11036,left,manual,5,1.00000000,1.00000000,0.00000000,0.00000000,0.11556383,0.00000000,0.00000000,0.00000000,100.00000000
Scissors,11036,left,hedgehog_1d,5,0.20000000,0.60000000,0.18293026,0.00000000,0.07026275,2.00000000,0.00000000,0.00000000,27.42674349
Scissors,11036,left,hedgehog_3d,5,0.00000000,0.20000000,0.09007228,0.00250903,0.15504758,1.00000000,0.00000000,1.00000000,3.72310283
Scissors,11036,left,plane,5,0.20000000,0.80000000,0.02626910,0.00000000,0.05355921,2.00000000,0.00000000,0.00000000,37.34327262
Scissors,11036,right,manual,5,1.00000000,1.00000000,0.02198436,0.00000000,0.10119039,0.00000000,0.00000000,0.00000000,99.45039096
Scissors,11036,right,hedgehog_1d,5,0.20000000,0.60000000,0.04107900,0.00000000,0.04012761,2.00000000,0.00000000,0.00000000,30.97302501
Scissors,11036,right,hedgehog_3d,5,0.20000000,0.60000000,0.01401959,0.00000000,0.03919665,3.00000000,0.00000000,0.00000000,31.64951034
Scissors,11036,right,plane,5,0.20000000,0.80000000,0.02705052,0.00000000,0.04453791,2.00000000,0.00000000,0.00000000,37.32373692
Scissors,11111,main,manual,5,1.00000000,1.00000000,0.00000000,0.00000000,0.17689152,0.00000000,0.00000000,0.00000000,100.00000000
Scissors,11111,main,hedgehog_1d,5,0.00000000,0.00000000,0.00465357,0.00000000,0.04080915,0.00000000,0.00000000,0.00000000,-0.11633925
Scissors,11111,main,hedgehog_3d,5,0.00000000,0.00000000,0.00729900,0.00000000,0.04546259,0.00000000,0.00000000,0.00000000,-0.18247495
Scissors,11111,main,plane,5,0.00000000,0.00000000,0.01237814,0.00000000,0.04552968,0.00000000,0.00000000,0.00000000,-0.30945346
Scissors,11111,up,manual,5,1.00000000,1.00000000,0.02416378,0.00000000,0.16334930,0.00000000,0.00000000,0.00000000,99.39590540
Scissors,11111,up,hedgehog_1d,5,0.00000000,0.00000000,0.00597510,0.00000000,0.04824500,1.00000000,0.00000000,0.00000000,-0.14937759
Scissors,11111,up,hedgehog_3d,5,0.00000000,0.00000000,0.00263988,0.00000000,0.04849152,0.00000000,0.00000000,0.00000000,-0.06599711
Scissors,11111,up,plane,5,0.00000000,0.00000000,0.00831849,0.00000000,0.04892007,0.00000000,0.00000000,0.00000000,-0.20796213
Scissors,11111,down,manual,5,1.00000000,1.00000000,0.00000000,0.00000000,0.16122182,0.00000000,0.00000000,0.00000000,100.00000000
Scissors,11111,down,hedgehog_1d,5,0.00000000,0.00000000,0.03176082,0.00000000,0.04270722,1.00000000,0.00000000,0.00000000,-0.79402055
Scissors,11111,down,hedgehog_3d,5,0.00000000,0.00000000,0.00603519,0.00000000,0.05054162,1.00000000,0.00000000,0.00000000,-0.15087970
Scissors,11111,down,plane,5,0.00000000,0.00000000,0.01129982,0.00000000,0.05175296,1.00000000,0.00000000,0.00000000,-0.28249559
Scissors,11111,left,manual,5,1.00000000,1.00000000,0.00000000,0.00000000,0.13540385,0.00000000,0.00000000,0.00000000,100.00000000
Scissors,11111,left,hedgehog_1d,5,0.00000000,0.40000000,0.02896985,0.00000000,0.05693580,1.00000000,0.00000000,0.00000000,11.27575383
Scissors,11111,left,hedgehog_3d,5,0.00000000,0.40000000,0.00432049,0.00000000,0.05212720,2.00000000,0.00000000,0.00000000,11.89198763
Scissors,11111,left,plane,5,0.00000000,0.40000000,0.01587006,0.00000000,0.05167002,1.00000000,0.00000000,0.00000000,11.60324855
Scissors,11111,right,manual,5,1.00000000,1.00000000,0.00000000,0.00000000,0.15327347,0.00000000,0.00000000,0.00000000,100.00000000
Scissors,11111,right,hedgehog_1d,5,0.00000000,0.00000000,0.01134111,0.00000000,0.04804391,1.00000000,0.00000000,0.00000000,-0.28352780
Scissors,11111,right,hedgehog_3d,5,0.00000000,0.00000000,0.00452218,0.00000000,0.04342331,0.00000000,0.00000000,0.00000000,-0.11305459
Scissors,11111,right,plane,5,0.00000000,0.00000000,0.00904699,0.00000000,0.04217270,0.00000000,0.00000000,0.00000000,-0.22617485
TrashCan,10425,main,manual,9,1.00000000,1.00000000,0.00000000,0.00000000,0.17952472,0.00000000,0.00000000,0.00000000,100.00000000
TrashCan,10425,main,hedgehog_1d,9,0.11111111,0.33333333,0.05743713,0.00000000,0.07627599,6.00000000,0.00000000,0.00000000,16.34184956
TrashCan,10425,main,hedgehog_3d,9,0.00000000,0.44444444,0.01878906,0.00000000,0.07902145,4.00000000,0.00000000,0.00000000,12.86360680
TrashCan,10425,main,plane,9,0.00000000,0.33333333,0.07109657,0.00000000,0.07280855,5.00000000,0.00000000,0.00000000,8.22258582
TrashCan,10425,up,manual,9,1.00000000,1.00000000,0.00000000,0.00000000,0.16783066,0.00000000,0.00000000,0.00000000,100.00000000
TrashCan,10425,up,hedgehog_1d,9,0.11111111,0.33333333,0.16068098,0.00000000,0.07017563,6.00000000,0.00000000,0.00000000,13.76075323
TrashCan,10425,up,hedgehog_3d,9,0.11111111,0.33333333,0.03703840,0.00000000,0.06759503,4.00000000,0.00000000,0.00000000,16.85181773
TrashCan,10425,up,plane,9,0.11111111,0.33333333,0.07328180,0.00000000,0.06435138,6.00000000,0.00000000,0.00000000,15.94573272
TrashCan,10425,down,manual,9,1.00000000,1.00000000,0.00000000,0.00000000,0.16978137,0.00000000,0.00000000,0.00000000,100.00000000
TrashCan,10425,down,hedgehog_1d,9,0.22222222,0.22222222,0.09088228,0.00000000,0.07381045,6.00000000,0.00000000,0.00000000,19.95016514
TrashCan,10425,down,hedgehog_3d,9,0.00000000,0.44444444,0.02492036,0.00000000,0.08138487,4.00000000,0.00000000,0.00000000,12.71032422
TrashCan,10425,down,plane,9,0.00000000,0.55555556,0.06093916,0.00000000,0.07157242,7.00000000,0.00000000,0.00000000,15.14318773
TrashCan,10425,left,manual,9,1.00000000,1.00000000,0.03454919,0.00000000,0.14718954,1.00000000,0.00000000,0.00000000,99.13627020
TrashCan,10425,left,hedgehog_1d,9,0.11111111,0.66666667,0.08765750,0.00000000,0.07798567,5.00000000,0.00000000,0.00000000,25.58634035
TrashCan,10425,left,hedgehog_3d,9,0.33333333,0.55555556,0.03662829,0.00000000,0.08433456,4.00000000,0.00000000,0.00000000,39.08429283
TrashCan,10425,left,plane,9,0.22222222,0.66666667,0.08757633,0.00000000,0.07593167,5.00000000,0.00000000,0.00000000,33.36614737
TrashCan,10425,right,manual,9,1.00000000,1.00000000,0.05488809,0.00042502,0.13771969,0.00000000,0.00000000,1.00000000,98.62354749
TrashCan,10425,right,hedgehog_1d,9,0.22222222,0.44444444,0.14077286,0.00000000,0.08308195,6.00000000,0.00000000,0.00000000,25.36956735
TrashCan,10425,right,hedgehog_3d,9,0.11111111,0.44444444,0.02945156,0.00000000,0.09682873,4.00000000,0.00000000,0.00000000,20.37482218
TrashCan,10425,right,plane,9,0.11111111,0.55555556,0.08312217,0.00000000,0.08268648,4.00000000,0.00000000,0.00000000,22.36639028
TrashCan,11183,main,manual,8,1.00000000,1.00000000,0.00000000,0.00000000,0.19922003,0.00000000,0.00000000,0.00000000,100.00000000
TrashCan,11183,main,hedgehog_1d,8,0.00000000,0.00000000,0.07518007,0.00000000,0.04820986,4.00000000,0.00000000,0.00000000,-1.87950185
TrashCan,11183,main,hedgehog_3d,8,0.00000000,0.00000000,0.06975572,0.00000000,0.05216661,6.00000000,0.00000000,0.00000000,-1.74389296
TrashCan,11183,main,plane,8,0.00000000,0.00000000,0.09930609,0.00000000,0.05410640,5.00000000,0.00000000,0.00000000,-2.48265237
TrashCan,11183,up,manual,8,1.00000000,1.00000000,0.00000000,0.00000000,0.19308053,0.00000000,0.00000000,0.00000000,100.00000000
TrashCan,11183,up,hedgehog_1d,8,0.00000000,0.00000000,0.03787263,0.00000000,0.04422850,3.00000000,0.00000000,0.00000000,-0.94681571
TrashCan,11183,up,hedgehog_3d,8,0.00000000,0.00000000,0.03744002,0.00000000,0.04689736,3.00000000,0.00000000,0.00000000,-0.93600055
TrashCan,11183,up,plane,8,0.00000000,0.00000000,0.03959055,0.00000000,0.04637708,4.00000000,0.00000000,0.00000000,-0.98976380
TrashCan,11183,down,manual,8,1.00000000,1.00000000,0.00000000,0.02032990,0.19669011,0.00000000,0.00000000,3.00000000,99.79670095
TrashCan,11183,down,hedgehog_1d,8,0.00000000,0.12500000,0.15929738,0.00000000,0.05915248,6.00000000,0.00000000,0.00000000,-0.23243441
TrashCan,11183,down,hedgehog_3d,8,0.12500000,0.25000000,0.23145625,0.01839675,0.07073813,3.00000000,0.00000000,2.00000000,10.27962631
TrashCan,11183,down,plane,8,0.00000000,0.12500000,0.16270344,0.00000000,0.05085091,5.00000000,0.00000000,0.00000000,-0.31758607
TrashCan,11183,left,manual,8,1.00000000,1.00000000,0.00000000,0.00000000,0.16334137,0.00000000,0.00000000,0.00000000,100.00000000
TrashCan,11183,left,hedgehog_1d,8,0.00000000,0.37500000,0.07511186,0.00000000,0.04514232,5.00000000,0.00000000,0.00000000,9.37220354
TrashCan,11183,left,hedgehog_3d,8,0.00000000,0.25000000,0.00713835,0.00103258,0.15679373,1.00000000,0.00000000,2.00000000,7.31121549
TrashCan,11183,left,plane,8,0.00000000,0.12500000,0.11517562,0.00000000,0.05442125,5.00000000,0.00000000,0.00000000,0.87060941
TrashCan,11183,right,manual,8,1.00000000,1.00000000,0.09281976,0.00000000,0.14916666,0.00000000,0.00000000,0.00000000,97.67950593
TrashCan,11183,right,hedgehog_1d,8,0.00000000,0.25000000,0.09188861,0.00000000,0.05123012,6.00000000,0.00000000,0.00000000,5.20278480
TrashCan,11183,right,hedgehog_3d,8,0.00000000,0.25000000,0.02081145,0.00000000,0.07616230,4.00000000,0.00000000,0.00000000,6.97971365
TrashCan,11183,right,plane,8,0.00000000,0.37500000,0.12096897,0.00000000,0.04795708,5.00000000,0.00000000,0.00000000,8.22577572
TrashCan,11659,main,manual,6,1.00000000,1.00000000,0.00000000,0.00000000,0.16886345,0.00000000,0.00000000,0.00000000,100.00000000
TrashCan,11659,main,hedgehog_1d,6,0.16666667,0.16666667,0.05799908,0.00000000,0.06685000,4.00000000,0.00000000,0.00000000,15.21668962
TrashCan,11659,main,hedgehog_3d,6,0.00000000,0.33333333,0.03217000,0.00000000,0.06217255,4.00000000,0.00000000,0.00000000,9.19574991
TrashCan,11659,main,plane,6,0.00000000,0.33333333,0.04147045,0.00000000,0.06098522,4.00000000,0.00000000,0.00000000,8.96323871
TrashCan,11659,up,manual,6,1.00000000,1.00000000,0.00000000,0.00000000,0.15675053,0.00000000,0.00000000,0.00000000,100.00000000
TrashCan,11659,up,hedgehog_1d,6,0.16666667,0.66666667,0.05954237,0.00000000,0.06613124,3.00000000,0.00000000,0.00000000,30.17810738
TrashCan,11659,up,hedgehog_3d,6,0.16666667,0.83333333,0.01602366,0.00000000,0.08507436,2.00000000,0.00000000,0.00000000,36.26607515
TrashCan,11659,up,plane,6,0.16666667,0.66666667,0.03053984,0.00000000,0.07002728,3.00000000,0.00000000,0.00000000,30.90317061
TrashCan,11659,down,manual,6,1.00000000,1.00000000,0.00000000,0.00000000,0.16227321,0.00000000,0.00000000,0.00000000,100.00000000
TrashCan,11659,down,hedgehog_1d,6,0.16666667,0.16666667,0.06200687,0.00000000,0.06946870,4.00000000,0.00000000,0.00000000,15.11649487
TrashCan,11659,down,hedgehog_3d,6,0.16666667,0.33333333,0.03180337,0.00000000,0.06657971,3.00000000,0.00000000,0.00000000,20.87158248
TrashCan,11659,down,plane,6,0.16666667,0.33333333,0.05653694,0.00000000,0.06481154,3.00000000,0.00000000,0.00000000,20.25324313
TrashCan,11659,left,manual,6,1.00000000,1.00000000,0.03064924,0.00000000,0.12642801,0.00000000,0.00000000,0.00000000,99.23376892
TrashCan,11659,left,hedgehog_1d,6,0.16666667,0.50000000,0.10150191,0.00000000,0.07812290,4.00000000,0.00000000,0.00000000,24.12911892
TrashCan,11659,left,hedgehog_3d,6,0.00000000,0.50000000,0.01929981,0.00000000,0.07565195,3.00000000,0.00000000,0.00000000,14.51750477
TrashCan,11659,left,plane,6,0.00000000,0.50000000,0.04826840,0.00000000,0.07171067,4.00000000,0.00000000,0.00000000,13.79328988
TrashCan,11659,right,manual,6,1.00000000,1.00000000,0.06975722,0.00000000,0.13972978,0.00000000,0.00000000,0.00000000,98.25606956
TrashCan,11659,right,hedgehog_1d,6,0.00000000,0.33333333,0.07466098,0.00000000,0.06916409,4.00000000,0.00000000,0.00000000,8.13347556
TrashCan,11659,right,hedgehog_3d,6,0.00000000,0.50000000,0.02782586,0.00000000,0.07081422,4.00000000,0.00000000,0.00000000,14.30435348
TrashCan,11659,right,plane,6,0.00000000,0.66666667,0.04269291,0.00000000,0.06537249,4.00000000,0.00000000,0.00000000,18.93267737
TrashCan,11960,main,manual,9,1.00000000,1.00000000,0.00000000,0.00000000,0.22840403,0.00000000,0.00000000,0.00000000,100.00000000
TrashCan,11960,main,hedgehog_1d,9,0.11111111,0.11111111,0.12950725,0.00000000,0.07021905,6.00000000,0.00000000,0.00000000,7.87342989
TrashCan,11960,main,hedgehog_3d,9,0.00000000,0.11111111,0.04150780,0.00000000,0.07708816,4.00000000,0.00000000,0.00000000,2.29563837
TrashCan,11960,main,plane,9,0.00000000,0.11111111,0.09482429,0.00000000,0.07206021,6.00000000,0.00000000,0.00000000,0.96272606
TrashCan,11960,up,manual,9,1.00000000,1.00000000,0.00000000,0.00002596,0.21923657,0.00000000,0.00000000,1.00000000,99.99974037
TrashCan,11960,up,hedgehog_1d,9,0.11111111,0.11111111,0.14459199,0.00000000,0.06054669,6.00000000,0.00000000,0.00000000,7.49631134
TrashCan,11960,up,hedgehog_3d,9,0.11111111,0.22222222,0.03135474,0.00000000,0.06813396,7.00000000,0.00000000,0.00000000,13.66057596
TrashCan,11960,up,plane,9,0.11111111,0.22222222,0.02297329,0.00000000,0.07793203,4.00000000,0.00000000,0.00000000,13.87011227
TrashCan,11960,down,manual,9,1.00000000,1.00000000,0.00000000,0.00000000,0.22162151,0.00000000,0.00000000,0.00000000,100.00000000
TrashCan,11960,down,hedgehog_1d,9,0.11111111,0.11111111,0.12895905,0.00000000,0.07210459,8.00000000,0.00000000,0.00000000,7.88713474
TrashCan,11960,down,hedgehog_3d,9,0.11111111,0.11111111,0.05086569,0.00000000,0.07441572,5.00000000,0.00000000,0.00000000,9.83946879
TrashCan,11960,down,plane,9,0.00000000,0.11111111,0.05540788,0.00043932,0.18162889,5.00000000,0.00000000,2.00000000,1.94374310
TrashCan,11960,left,manual,9,1.00000000,1.00000000,0.00000000,0.00000000,0.18366538,0.00000000,0.00000000,0.00000000,100.00000000
TrashCan,11960,left,hedgehog_1d,9,0.22222222,0.22222222,0.14499652,0.00000000,0.07551257,6.00000000,0.00000000,0.00000000,18.59730913
TrashCan,11960,left,hedgehog_3d,9,0.11111111,0.22222222,0.02207265,0.00000000,0.10013415,3.00000000,0.00000000,0.00000000,13.89262821
TrashCan,11960,left,plane,9,0.11111111,0.22222222,0.14674636,0.00000000,0.06945503,7.00000000,0.00000000,0.00000000,10.77578546
TrashCan,11960,right,manual,9,1.00000000,1.00000000,0.00000000,0.00000000,0.16890425,0.00000000,0.00000000,0.00000000,100.00000000
TrashCan,11960,right,hedgehog_1d,9,0.00000000,0.11111111,0.14223912,0.00000000,0.06602891,6.00000000,0.00000000,0.00000000,-0.22264454
TrashCan,11960,right,hedgehog_3d,9,0.11111111,0.22222222,0.02789657,0.00080849,0.26992671,3.00000000,0.00000000,2.00000000,13.73894541
TrashCan,11960,right,plane,9,0.11111111,0.22222222,0.24331215,0.04266547,0.06836249,3.00000000,0.00000000,1.00000000,7.93498595
TrashCan,12366,main,manual,6,1.00000000,1.00000000,0.00000000,0.00000000,0.13133783,0.00000000,0.00000000,0.00000000,100.00000000
TrashCan,12366,main,hedgehog_1d,6,0.00000000,0.83333333,0.01035320,0.00000000,0.05591864,1.00000000,0.00000000,0.00000000,24.74117004
TrashCan,12366,main,hedgehog_3d,6,0.00000000,0.83333333,0.00652765,0.00000000,0.05612837,0.00000000,0.00000000,0.00000000,24.83680869
TrashCan,12366,main,plane,6,0.00000000,0.83333333,0.01008821,0.00000000,0.05731211,0.00000000,0.00000000,0.00000000,24.74779484
TrashCan,12366,up,manual,6,1.00000000,1.00000000,0.00000000,0.00000000,0.11448366,0.00000000,0.00000000,0.00000000,100.00000000
TrashCan,12366,up,hedgehog_1d,6,0.16666667,0.83333333,0.02319030,0.00000000,0.04968508,1.00000000,0.00000000,0.00000000,36.08690905
TrashCan,12366,up,hedgehog_3d,6,0.16666667,0.83333333,0.02010177,0.00000000,0.05364646,1.00000000,0.00000000,0.00000000,36.16412253
TrashCan,12366,up,plane,6,0.16666667,0.83333333,0.00695426,0.00000000,0.06244589,0.00000000,0.00000000,0.00000000,36.49281022
TrashCan,12366,down,manual,6,1.00000000,1.00000000,0.00000000,0.00000000,0.12105498,0.00000000,0.00000000,0.00000000,100.00000000
TrashCan,12366,down,hedgehog_1d,6,0.33333333,0.83333333,0.01396550,0.00000000,0.03817182,1.00000000,0.00000000,0.00000000,47.98419593
TrashCan,12366,down,hedgehog_3d,6,0.33333333,0.83333333,0.01113201,0.00000000,0.03838910,1.00000000,0.00000000,0.00000000,48.05503309
TrashCan,12366,down,plane,6,0.33333333,0.83333333,0.01875719,0.00000000,0.03727361,1.00000000,0.00000000,0.00000000,47.86440349
TrashCan,12366,left,manual,6,1.00000000,1.00000000,0.02889313,0.00000000,0.11090053,0.00000000,0.00000000,0.00000000,99.27767173
TrashCan,12366,left,hedgehog_1d,6,0.16666667,0.83333333,0.01385607,0.00000000,0.05440643,1.00000000,0.00000000,0.00000000,36.32026495
TrashCan,12366,left,hedgehog_3d,6,0.33333333,0.83333333,0.00825851,0.00000000,0.05430813,1.00000000,0.00000000,0.00000000,48.12687059
TrashCan,12366,left,plane,6,0.33333333,0.83333333,0.01553233,0.00000000,0.05129708,1.00000000,0.00000000,0.00000000,47.94502498
TrashCan,12366,right,manual,6,1.00000000,1.00000000,0.22361598,0.00000000,0.11204759,0.00000000,0.00000000,0.00000000,94.40960038
TrashCan,12366,right,hedgehog_1d,6,0.16666667,0.66666667,0.03598037,0.00000000,0.05215208,2.00000000,0.00000000,0.00000000,30.76715742
TrashCan,12366,right,hedgehog_3d,6,0.16666667,0.66666667,0.00731500,0.00000000,0.05042115,1.00000000,0.00000000,0.00000000,31.48379166
TrashCan,12366,right,plane,6,0.16666667,0.66666667,0.00908619,0.00000000,0.04810154,1.00000000,0.00000000,0.00000000,31.43951203
